"song_id","song_name","song_lyrics_url","song_art_image_url","song_release_date","song_pageviews","song_annotation_count","artist_id","artist_name","artist_url","album_id","album_name","album_url"
3871394,"10,000 Degrees","https://genius.com/Uicideboy-10000-degrees-lyrics","https://images.genius.com/54919a5808730abda8ec44a4fbc8a2cb.1000x1000x1.png","2018-09-07",287418,22,213444,"$UICIDEBOY$","https://genius.com/artists/Uicideboy",421863,"I Want to Die in New Orleans","https://genius.com/albums/Uicideboy/I-want-to-die-in-new-orleans"
8238968,"1000 Blunts","https://genius.com/Uicideboy-1000-blunts-lyrics","https://images.genius.com/74066d77c93b9c4838c3f93298f9dd00.1000x1000x1.png","2022-07-29",92373,15,213444,"$UICIDEBOY$","https://genius.com/artists/Uicideboy",898161,"Sing Me a Lullaby, My Sweet Temptation","https://genius.com/albums/Uicideboy/Sing-me-a-lullaby-my-sweet-temptation"
515529,"100 Blunt$","https://genius.com/Uicideboy-100-blunt-lyrics","https://images.genius.com/efa0c00676491e586d0bbd24b902884f.500x500x1.jpg","2014-06-13",40378,3,213444,"$UICIDEBOY$","https://genius.com/artists/Uicideboy",603485,"KILL YOUR$ELF $agas: I - V","https://genius.com/albums/Uicideboy/Kill-your-elf-agas-i-v"
2986264,"100 Blunt$ (DJ Phantazm Remix)","https://genius.com/Uicideboy-100-blunt-dj-phantazm-remix-lyrics","https://images.genius.com/d4e26be53ac2200cd79973f52b193121.822x822x1.png","2014-08-27",NA,3,213444,"$UICIDEBOY$","https://genius.com/artists/Uicideboy",112006,"KILL YOUR$ELF Part III: The Budd Dwyer $aga","https://genius.com/albums/Uicideboy/Kill-your-elf-part-iii-the-budd-dwyer-aga"
3871395,"122 Days","https://genius.com/Uicideboy-122-days-lyrics","https://images.genius.com/54919a5808730abda8ec44a4fbc8a2cb.1000x1000x1.png","2018-09-07",376816,17,213444,"$UICIDEBOY$","https://genius.com/artists/Uicideboy",421863,"I Want to Die in New Orleans","https://genius.com/albums/Uicideboy/I-want-to-die-in-new-orleans"
725866,"#1 Stunna","https://genius.com/Uicideboy-1-stunna-lyrics","https://images.genius.com/f9e8d8a828780834b42141d286716158.999x999x1.png","2015-03-03",96447,5,213444,"$UICIDEBOY$","https://genius.com/artists/Uicideboy",121668,"Gray/Grey","https://genius.com/albums/Uicideboy/Gray-grey"
2856106,"275 $uicide (Ft. Yung Simmie)","https://genius.com/Uicideboy-275-suicide-lyrics","https://images.genius.com/a6f4e8cd477300162f823c778da34b52.640x640x1.jpg","2016-09-11",79983,1,213444,"$UICIDEBOY$","https://genius.com/artists/Uicideboy",165663,"Eternal Grey","https://genius.com/albums/Uicideboy/Eternal-grey"
3101849,"2nd Hand","https://genius.com/Uicideboy-2nd-hand-lyrics","https://images.genius.com/eb93926c94287cb66cc081df91a3220b.1000x1000x1.jpg","2017-05-26",1016695,17,213444,"$UICIDEBOY$","https://genius.com/artists/Uicideboy",603468,"KILL YOUR$ELF $agas: XI - XV","https://genius.com/albums/Uicideboy/Kill-your-elf-agas-xi-xv"
3158613,"2ND HAND (Demo)","https://genius.com/Uicideboy-2nd-hand-demo-lyrics","https://images.genius.com/2b31262ea831c933eea86ea171b06e59.1000x1000x1.jpg","2017-07-14",15506,2,213444,"$UICIDEBOY$","https://genius.com/artists/Uicideboy",NA,NA,NA
648748,"333333 [RARE* '96 BOOTLEG CA$$ETTE RIP TRE$ $EI$]","https://genius.com/Uicideboy-333333-rare-96-bootleg-ca-ette-rip-tre-sei-lyrics","https://images.genius.com/fe19fbcb54cc5bef3ae00e55556dcb86.1000x1000x1.jpg","2014-12-22",25490,3,213444,"$UICIDEBOY$","https://genius.com/artists/Uicideboy",117025,"KILL YOUR$ELF Part VII: The Fuck God $aga","https://genius.com/albums/Uicideboy/Kill-your-elf-part-vii-the-fuck-god-aga"
1083513,"40 Oz. & Sober","https://genius.com/Uicideboy-40-oz-and-sober-lyrics","https://images.genius.com/a8b83b0344dd0b66c0b9a61d36c8f9c8.1000x1000x1.jpg","2015-04-02",33245,6,213444,"$UICIDEBOY$","https://genius.com/artists/Uicideboy",123497,"7th or St. Tammany","https://genius.com/albums/Uicideboy/7th-or-st-tammany"
6934409,"5 Grand at 8 to 1","https://genius.com/Uicideboy-5-grand-at-8-to-1-lyrics","https://images.genius.com/f4070376322053f8aee83f60c88710cb.1000x1000x1.png","2021-08-13",91270,3,213444,"$UICIDEBOY$","https://genius.com/artists/Uicideboy",754941,"Long Term Effects of SUFFERING","https://genius.com/albums/Uicideboy/Long-term-effects-of-suffering"
1082953,"7th or St. Tammany","https://genius.com/Uicideboy-7th-or-st-tammany-lyrics","https://images.genius.com/a8b83b0344dd0b66c0b9a61d36c8f9c8.1000x1000x1.jpg","2015-04-02",18991,1,213444,"$UICIDEBOY$","https://genius.com/artists/Uicideboy",123497,"7th or St. Tammany","https://genius.com/albums/Uicideboy/7th-or-st-tammany"
2313534,"A Death in the Ocean Would Be So Beautiful","https://genius.com/Uicideboy-a-death-in-the-ocean-would-be-so-beautiful-lyrics","https://images.genius.com/200740745dcc897f2d9a9a5be05919c3.1000x1000x1.png","2015-09-21",118900,6,213444,"$UICIDEBOY$","https://genius.com/artists/Uicideboy",131581,"My Liver Will Handle What My Heart Can’t","https://genius.com/albums/Uicideboy/My-liver-will-handle-what-my-heart-can-t"
2479743,"A Girl Named Drool and a Pack of Kools","https://genius.com/Uicideboy-a-girl-named-drool-and-a-pack-of-kools-lyrics","https://images.genius.com/7540fa5674763caee2f604bb814411d0.1000x1000x1.jpg","2016-05-25",111969,3,213444,"$UICIDEBOY$","https://genius.com/artists/Uicideboy",151375,"Grey Sheep II","https://genius.com/albums/Uicideboy/Grey-sheep-ii"
2417283,"Aite, Bet.","https://genius.com/Uicideboy-aite-bet-lyrics","https://images.genius.com/2fc1d062a759a3a7d3523c0caf65e2b8.999x999x1.png","2016-02-03",55898,4,213444,"$UICIDEBOY$","https://genius.com/artists/Uicideboy",142811,"Dark Side of the Clouds","https://genius.com/albums/Uicideboy/Dark-side-of-the-clouds"
5254657,"All Dogs Go to Heaven","https://genius.com/Uicideboy-all-dogs-go-to-heaven-lyrics","https://images.genius.com/4be0b28f5c9be2888e3c163ff7323db6.822x822x1.png","2020-02-14",181040,11,213444,"$UICIDEBOY$","https://genius.com/artists/Uicideboy",587574,"Stop Staring at the Shadows","https://genius.com/albums/Uicideboy/Stop-staring-at-the-shadows"
3784251,"All Known $UICIDEBOY$ Alter-Egos and Personas","https://genius.com/Uicideboy-all-known-suicideboy-alter-egos-and-personas-annotated","https://images.genius.com/ee5bbe5f50a6221d8a441e4e5b09e286.900x900x1.jpg",NA,269915,9,213444,"$UICIDEBOY$","https://genius.com/artists/Uicideboy",NA,NA,NA
1787165,"All My Life I've Wanted a Chevy","https://genius.com/Uicideboy-all-my-life-ive-wanted-a-chevy-lyrics","https://images.genius.com/f7925c57be3901fdfbe603ef2870f5d4.1000x1000x1.png","2015-05-08",88561,4,213444,"$UICIDEBOY$","https://genius.com/artists/Uicideboy",123982,"YUNGDEATHLILLIFE","https://genius.com/albums/Uicideboy/Yungdeathlillife"
3476478,"All That Glitters Is Not Gold, But It's Still Damn Beautiful","https://genius.com/Uicideboy-all-that-glitters-is-not-gold-but-its-still-damn-beautiful-lyrics","https://images.genius.com/6068310ea606f461252e7a667bfed7b1.1000x1000x1.jpg","2016-12-17",89530,4,213444,"$UICIDEBOY$","https://genius.com/artists/Uicideboy",320918,"I No Longer Fear the Razor Guarding My Heel (III)","https://genius.com/albums/Uicideboy/I-no-longer-fear-the-razor-guarding-my-heel-iii"
2417276,"AM/PM","https://genius.com/Uicideboy-am-pm-lyrics","https://images.genius.com/2fc1d062a759a3a7d3523c0caf65e2b8.999x999x1.png","2016-02-03",130421,7,213444,"$UICIDEBOY$","https://genius.com/artists/Uicideboy",142811,"Dark Side of the Clouds","https://genius.com/albums/Uicideboy/Dark-side-of-the-clouds"
5254574,"...And to Those I Love, Thanks for Sticking Around","https://genius.com/Uicideboy-and-to-those-i-love-thanks-for-sticking-around-lyrics","https://images.genius.com/d3a33ffdf98cd572880395600d104c36.822x822x1.png","2020-02-14",651191,8,213444,"$UICIDEBOY$","https://genius.com/artists/Uicideboy",587574,"Stop Staring at the Shadows","https://genius.com/albums/Uicideboy/Stop-staring-at-the-shadows"
2414117,"Antarctica","https://genius.com/Uicideboy-antarctica-lyrics","https://images.genius.com/0a4617ca3d3011646f44bec74e0acfca.1000x1000x1.png","2016-01-26",1170117,12,213444,"$UICIDEBOY$","https://genius.com/artists/Uicideboy",142811,"Dark Side of the Clouds","https://genius.com/albums/Uicideboy/Dark-side-of-the-clouds"
2479774,"Aokigahara","https://genius.com/Uicideboy-aokigahara-lyrics","https://images.genius.com/7540fa5674763caee2f604bb814411d0.1000x1000x1.jpg","2016-05-25",48633,3,213444,"$UICIDEBOY$","https://genius.com/artists/Uicideboy",151375,"Grey Sheep II","https://genius.com/albums/Uicideboy/Grey-sheep-ii"
562411,"Aphrodite (The Aquatic Ape Theory)","https://genius.com/Uicideboy-aphrodite-the-aquatic-ape-theory-lyrics","https://images.rapgenius.com/9b32111736d7214c58f3274abf3aa43d.491x495x1.png","2014-10-30",87600,2,213444,"$UICIDEBOY$","https://genius.com/artists/Uicideboy",603485,"KILL YOUR$ELF $agas: I - V","https://genius.com/albums/Uicideboy/Kill-your-elf-agas-i-v"
1787168,"April Mourning","https://genius.com/Uicideboy-april-mourning-lyrics","https://images.genius.com/f7925c57be3901fdfbe603ef2870f5d4.1000x1000x1.png","2015-05-08",63252,4,213444,"$UICIDEBOY$","https://genius.com/artists/Uicideboy",123982,"YUNGDEATHLILLIFE","https://genius.com/albums/Uicideboy/Yungdeathlillife"
8238974,"Ashes of Luxury","https://genius.com/Uicideboy-ashes-of-luxury-lyrics","https://images.genius.com/74066d77c93b9c4838c3f93298f9dd00.1000x1000x1.png","2022-07-29",30376,6,213444,"$UICIDEBOY$","https://genius.com/artists/Uicideboy",898161,"Sing Me a Lullaby, My Sweet Temptation","https://genius.com/albums/Uicideboy/Sing-me-a-lullaby-my-sweet-temptation"
598169,"$aturn $unrise","https://genius.com/Uicideboy-aturn-sunrise-lyrics","https://images.genius.com/d9df3739460cbb595f5f638089afd7de.1000x1000x1.jpg","2014-11-27",10551,1,213444,"$UICIDEBOY$","https://genius.com/artists/Uicideboy",603490,"KILL YOUR$ELF $agas: VI - X","https://genius.com/albums/Uicideboy/Kill-your-elf-agas-vi-x"
3101847,"Audubon","https://genius.com/Uicideboy-audubon-lyrics","https://images.genius.com/eb93926c94287cb66cc081df91a3220b.1000x1000x1.jpg","2017-05-26",303882,14,213444,"$UICIDEBOY$","https://genius.com/artists/Uicideboy",603468,"KILL YOUR$ELF $agas: XI - XV","https://genius.com/albums/Uicideboy/Kill-your-elf-agas-xi-xv"
6761176,"Avalon","https://genius.com/Uicideboy-avalon-lyrics","https://images.genius.com/b03568930282088655ed04bd7f4e0f2f.1000x1000x1.png","2021-05-21",204849,10,213444,"$UICIDEBOY$","https://genius.com/artists/Uicideboy",754941,"Long Term Effects of SUFFERING","https://genius.com/albums/Uicideboy/Long-term-effects-of-suffering"
648722,"Back from the Dead","https://genius.com/Uicideboy-back-from-the-dead-lyrics","https://images.genius.com/fe19fbcb54cc5bef3ae00e55556dcb86.1000x1000x1.jpg","2014-12-22",28162,3,213444,"$UICIDEBOY$","https://genius.com/artists/Uicideboy",117025,"KILL YOUR$ELF Part VII: The Fuck God $aga","https://genius.com/albums/Uicideboy/Kill-your-elf-part-vii-the-fuck-god-aga"
670072,"Bag$","https://genius.com/Uicideboy-bag-lyrics","https://images.genius.com/9b4c91aa6f4970d50f00b3352bff4b65.1000x1000x1.jpg","2015-01-05",40504,3,213444,"$UICIDEBOY$","https://genius.com/artists/Uicideboy",603490,"KILL YOUR$ELF $agas: VI - X","https://genius.com/albums/Uicideboy/Kill-your-elf-agas-vi-x"
1081260,"Behold a Pale Horse","https://genius.com/Uicideboy-behold-a-pale-horse-lyrics","https://images.genius.com/f9e8d8a828780834b42141d286716158.999x999x1.png","2015-03-03",80601,3,213444,"$UICIDEBOY$","https://genius.com/artists/Uicideboy",121668,"Gray/Grey","https://genius.com/albums/Uicideboy/Gray-grey"
5254573,"Bizarro","https://genius.com/Uicideboy-bizarro-lyrics","https://images.genius.com/4be0b28f5c9be2888e3c163ff7323db6.822x822x1.png","2020-02-14",81938,9,213444,"$UICIDEBOY$","https://genius.com/artists/Uicideboy",587574,"Stop Staring at the Shadows","https://genius.com/albums/Uicideboy/Stop-staring-at-the-shadows"
2256230,"Black Beard","https://genius.com/Uicideboy-black-beard-lyrics","https://images.genius.com/513804d7f5dcdef0baf821a33323b162.1000x1000x1.jpg","2015-07-22",35027,8,213444,"$UICIDEBOY$","https://genius.com/artists/Uicideboy",128012,"Grey Sheep","https://genius.com/albums/Uicideboy/Grey-sheep"
6934414,"Bleach","https://genius.com/Uicideboy-bleach-lyrics","https://images.genius.com/f4070376322053f8aee83f60c88710cb.1000x1000x1.png","2021-08-13",88570,3,213444,"$UICIDEBOY$","https://genius.com/artists/Uicideboy",754941,"Long Term Effects of SUFFERING","https://genius.com/albums/Uicideboy/Long-term-effects-of-suffering"
2856080,"BREAKDALAW2K16 (Ft. Pouya)","https://genius.com/Uicideboy-breakdalaw2k16-lyrics","https://images.genius.com/a6f4e8cd477300162f823c778da34b52.640x640x1.jpg","2016-09-11",165423,12,213444,"$UICIDEBOY$","https://genius.com/artists/Uicideboy",165663,"Eternal Grey","https://genius.com/albums/Uicideboy/Eternal-grey"
3871392,"Bring Out Your Dead","https://genius.com/Uicideboy-bring-out-your-dead-lyrics","https://images.genius.com/54919a5808730abda8ec44a4fbc8a2cb.1000x1000x1.png","2018-09-07",130340,9,213444,"$UICIDEBOY$","https://genius.com/artists/Uicideboy",421863,"I Want to Die in New Orleans","https://genius.com/albums/Uicideboy/I-want-to-die-in-new-orleans"
2256232,"Broke(n)","https://genius.com/Uicideboy-broken-lyrics","https://images.genius.com/513804d7f5dcdef0baf821a33323b162.1000x1000x1.jpg","2015-07-22",62030,4,213444,"$UICIDEBOY$","https://genius.com/artists/Uicideboy",128012,"Grey Sheep","https://genius.com/albums/Uicideboy/Grey-sheep"
2374625,"Can of Worms","https://genius.com/Uicideboy-can-of-worms-lyrics","https://images.genius.com/55771cdcd60938e759152deb0bc512bd.640x640x1.jpg","2015-11-18",63902,8,213444,"$UICIDEBOY$","https://genius.com/artists/Uicideboy",137997,"Now the Moon’s Rising","https://genius.com/albums/Uicideboy/Now-the-moons-rising"
3871402,"Carrollton","https://genius.com/Uicideboy-carrollton-lyrics","https://images.genius.com/54919a5808730abda8ec44a4fbc8a2cb.1000x1000x1.png","2018-07-31",682728,43,213444,"$UICIDEBOY$","https://genius.com/artists/Uicideboy",421863,"I Want to Die in New Orleans","https://genius.com/albums/Uicideboy/I-want-to-die-in-new-orleans"
1787170,"Cerberus (Ft. Masta Drag)","https://genius.com/Uicideboy-cerberus-lyrics","https://images.genius.com/f7925c57be3901fdfbe603ef2870f5d4.1000x1000x1.png","2015-05-08",46968,5,213444,"$UICIDEBOY$","https://genius.com/artists/Uicideboy",123982,"YUNGDEATHLILLIFE","https://genius.com/albums/Uicideboy/Yungdeathlillife"
2798196,"Champion of Death","https://genius.com/Uicideboy-champion-of-death-lyrics","https://images.genius.com/7254b30491968279480acaaa483d817b.640x640x1.jpg","2016-07-22",437222,10,213444,"$UICIDEBOY$","https://genius.com/artists/Uicideboy",312010,"Radical $uicide","https://genius.com/albums/Uicideboy/Radical-uicide"
2856126,"Chariot of Fire","https://genius.com/Uicideboy-chariot-of-fire-lyrics","https://images.genius.com/a6f4e8cd477300162f823c778da34b52.640x640x1.jpg","2016-09-11",185914,7,213444,"$UICIDEBOY$","https://genius.com/artists/Uicideboy",165663,"Eternal Grey","https://genius.com/albums/Uicideboy/Eternal-grey"
2313527,"Cherish the Dead","https://genius.com/Uicideboy-cherish-the-dead-lyrics","https://images.genius.com/200740745dcc897f2d9a9a5be05919c3.1000x1000x1.png","2015-09-21",57893,4,213444,"$UICIDEBOY$","https://genius.com/artists/Uicideboy",131581,"My Liver Will Handle What My Heart Can’t","https://genius.com/albums/Uicideboy/My-liver-will-handle-what-my-heart-can-t"
2417269,"Cherry P.I.E.","https://genius.com/Uicideboy-cherry-pie-lyrics","https://images.genius.com/2fc1d062a759a3a7d3523c0caf65e2b8.999x999x1.png","2016-02-03",116845,7,213444,"$UICIDEBOY$","https://genius.com/artists/Uicideboy",142811,"Dark Side of the Clouds","https://genius.com/albums/Uicideboy/Dark-side-of-the-clouds"
2479753,"Chevrolet (Pimpalicious Candy Cane Mane ’74 Remix)","https://genius.com/Uicideboy-chevrolet-pimpalicious-candy-cane-mane-74-remix-lyrics","https://images.genius.com/7540fa5674763caee2f604bb814411d0.1000x1000x1.jpg","2016-05-25",43604,5,213444,"$UICIDEBOY$","https://genius.com/artists/Uicideboy",151375,"Grey Sheep II","https://genius.com/albums/Uicideboy/Grey-sheep-ii"
1081014,"Clouds as Witnesses","https://genius.com/Uicideboy-clouds-as-witnesses-lyrics","https://images.genius.com/cd2876d9b9eadd8a7f5504bd41889164.822x822x1.png","2015-03-03",176330,13,213444,"$UICIDEBOY$","https://genius.com/artists/Uicideboy",121668,"Gray/Grey","https://genius.com/albums/Uicideboy/Gray-grey"
4004258,"CLYDE (I Hope At Least One Of My Ex-Girlfriends Hears This)","https://genius.com/Uicideboy-clyde-i-hope-at-least-one-of-my-ex-girlfriends-hears-this-lyrics","https://images.genius.com/2a4c75718a72a7dac5374f4e9ea2a0a3.1000x1000x1.jpg","2017-11-30",16468,1,213444,"$UICIDEBOY$","https://genius.com/artists/Uicideboy",NA,NA,NA
3871399,"Coma","https://genius.com/Uicideboy-coma-lyrics","https://images.genius.com/54919a5808730abda8ec44a4fbc8a2cb.1000x1000x1.png","2018-09-07",209814,11,213444,"$UICIDEBOY$","https://genius.com/artists/Uicideboy",421863,"I Want to Die in New Orleans","https://genius.com/albums/Uicideboy/I-want-to-die-in-new-orleans"
2375345,"Converting...","https://genius.com/Uicideboy-converting-lyrics","https://images.genius.com/55771cdcd60938e759152deb0bc512bd.640x640x1.jpg","2015-11-18",76205,4,213444,"$UICIDEBOY$","https://genius.com/artists/Uicideboy",137997,"Now the Moon’s Rising","https://genius.com/albums/Uicideboy/Now-the-moons-rising"
648699,"Crucify Me Wearing Tommy","https://genius.com/Uicideboy-crucify-me-wearing-tommy-lyrics","https://images.genius.com/fe19fbcb54cc5bef3ae00e55556dcb86.1000x1000x1.jpg","2014-12-22",33505,5,213444,"$UICIDEBOY$","https://genius.com/artists/Uicideboy",117025,"KILL YOUR$ELF Part VII: The Fuck God $aga","https://genius.com/albums/Uicideboy/Kill-your-elf-part-vii-the-fuck-god-aga"
1083019,"Dead Batteries","https://genius.com/Uicideboy-dead-batteries-lyrics","https://images.genius.com/2aeb56a6018a512edb559d3280eb67be.500x500x1.jpg","2015-03-19",266758,4,213444,"$UICIDEBOY$","https://genius.com/artists/Uicideboy",123497,"7th or St. Tammany","https://genius.com/albums/Uicideboy/7th-or-st-tammany"
562403,"Deep Web (Ft. Woozy Medwick)","https://genius.com/Uicideboy-deep-web-lyrics","https://images.genius.com/45bf73c3dd5e2b1b75853d52a7cb3ceb.500x500x1.jpg","2014-10-22",39321,5,213444,"$UICIDEBOY$","https://genius.com/artists/Uicideboy",603485,"KILL YOUR$ELF $agas: I - V","https://genius.com/albums/Uicideboy/Kill-your-elf-agas-i-v"
6934393,"Degeneration in the Key of A Minor","https://genius.com/Uicideboy-degeneration-in-the-key-of-a-minor-lyrics","https://images.genius.com/f4070376322053f8aee83f60c88710cb.1000x1000x1.png","2021-08-13",61951,1,213444,"$UICIDEBOY$","https://genius.com/artists/Uicideboy",754941,"Long Term Effects of SUFFERING","https://genius.com/albums/Uicideboy/Long-term-effects-of-suffering"
2371816,"Dejection","https://genius.com/Uicideboy-dejection-lyrics","https://images.genius.com/1900135c2b234501444a8ea40bc42621.640x640x1.jpg","2015-11-16",73818,5,213444,"$UICIDEBOY$","https://genius.com/artists/Uicideboy",137997,"Now the Moon’s Rising","https://genius.com/albums/Uicideboy/Now-the-moons-rising"
2136160,"DIEMONDS","https://genius.com/Uicideboy-diemonds-lyrics","https://images.genius.com/d003cb421ae933370661efd35aff805c.1000x1000x1.png","2015-06-15",400264,7,213444,"$UICIDEBOY$","https://genius.com/artists/Uicideboy",126262,"High Tide in the Snake’s Nest","https://genius.com/albums/Uicideboy/High-tide-in-the-snakes-nest"
675527,"Don't Give a Fuck ($oul Doubt Remix)","https://genius.com/Uicideboy-dont-give-a-fuck-oul-doubt-remix-lyrics","https://images.genius.com/da1f26860e4161abdfb3c99480f0d3f9.500x500x1.jpg","2015-01-14",49112,3,213444,"$UICIDEBOY$","https://genius.com/artists/Uicideboy",603490,"KILL YOUR$ELF $agas: VI - X","https://genius.com/albums/Uicideboy/Kill-your-elf-agas-vi-x"
2479739,"Do You Believe in God?","https://genius.com/Uicideboy-do-you-believe-in-god-lyrics","https://images.genius.com/7540fa5674763caee2f604bb814411d0.1000x1000x1.jpg","2016-05-25",355269,13,213444,"$UICIDEBOY$","https://genius.com/artists/Uicideboy",151375,"Grey Sheep II","https://genius.com/albums/Uicideboy/Grey-sheep-ii"
1083584,"Drugs/Hoes/Money/Etc.","https://genius.com/Uicideboy-drugs-hoes-money-etc-lyrics","https://images.genius.com/a8b83b0344dd0b66c0b9a61d36c8f9c8.1000x1000x1.jpg","2015-04-02",55691,3,213444,"$UICIDEBOY$","https://genius.com/artists/Uicideboy",123497,"7th or St. Tammany","https://genius.com/albums/Uicideboy/7th-or-st-tammany"
693567,"Durango '95 (A Real Horror Show)","https://genius.com/Uicideboy-durango-95-a-real-horror-show-lyrics","https://images.genius.com/49931c90914de8096c9d0e2a140812b0.900x900x1.jpg","2015-01-24",64234,6,213444,"$UICIDEBOY$","https://genius.com/artists/Uicideboy",603490,"KILL YOUR$ELF $agas: VI - X","https://genius.com/albums/Uicideboy/Kill-your-elf-agas-vi-x"
2856132,"Eclipse","https://genius.com/Uicideboy-eclipse-lyrics","https://images.genius.com/a6f4e8cd477300162f823c778da34b52.640x640x1.jpg","2016-09-11",191879,8,213444,"$UICIDEBOY$","https://genius.com/artists/Uicideboy",165663,"Eternal Grey","https://genius.com/albums/Uicideboy/Eternal-grey"
3646884,"Either Hated Or Ignored","https://genius.com/Uicideboy-either-hated-or-ignored-lyrics","https://images.genius.com/4b72244356d4eda45a587cdf76590bde.1000x1000x1.png","2018-04-12",287370,15,213444,"$UICIDEBOY$","https://genius.com/artists/Uicideboy",NA,NA,NA
2856112,"Elysian Fields","https://genius.com/Uicideboy-elysian-fields-lyrics","https://images.genius.com/a6f4e8cd477300162f823c778da34b52.640x640x1.jpg","2016-09-11",129233,10,213444,"$UICIDEBOY$","https://genius.com/artists/Uicideboy",165663,"Eternal Grey","https://genius.com/albums/Uicideboy/Eternal-grey"
8064252,"Escape from BABYLON","https://genius.com/Uicideboy-escape-from-babylon-lyrics","https://images.genius.com/e426ffdb52cefabc394d6ec0671a1a27.1000x1000x1.png","2022-06-10",90920,10,213444,"$UICIDEBOY$","https://genius.com/artists/Uicideboy",898161,"Sing Me a Lullaby, My Sweet Temptation","https://genius.com/albums/Uicideboy/Sing-me-a-lullaby-my-sweet-temptation"
8238980,"Eulogy","https://genius.com/Uicideboy-eulogy-lyrics","https://images.genius.com/74066d77c93b9c4838c3f93298f9dd00.1000x1000x1.png","2022-07-29",46693,12,213444,"$UICIDEBOY$","https://genius.com/artists/Uicideboy",898161,"Sing Me a Lullaby, My Sweet Temptation","https://genius.com/albums/Uicideboy/Sing-me-a-lullaby-my-sweet-temptation"
2256234,"Everest","https://genius.com/Uicideboy-everest-lyrics","https://images.genius.com/513804d7f5dcdef0baf821a33323b162.1000x1000x1.jpg","2015-07-22",32019,3,213444,"$UICIDEBOY$","https://genius.com/artists/Uicideboy",128012,"Grey Sheep","https://genius.com/albums/Uicideboy/Grey-sheep"
2375371,"Evolution (Pretty Good Movie/Pretty Good Theory)","https://genius.com/Uicideboy-evolution-pretty-good-movie-pretty-good-theory-lyrics","https://images.genius.com/55771cdcd60938e759152deb0bc512bd.640x640x1.jpg","2015-11-18",68880,3,213444,"$UICIDEBOY$","https://genius.com/artists/Uicideboy",137997,"Now the Moon’s Rising","https://genius.com/albums/Uicideboy/Now-the-moons-rising"
2136220,"Exodus","https://genius.com/Uicideboy-exodus-lyrics","https://images.genius.com/d003cb421ae933370661efd35aff805c.1000x1000x1.png","2015-06-15",357885,8,213444,"$UICIDEBOY$","https://genius.com/artists/Uicideboy",126262,"High Tide in the Snake’s Nest","https://genius.com/albums/Uicideboy/High-tide-in-the-snakes-nest"
3232498,"Face It","https://genius.com/Uicideboy-face-it-lyrics","https://images.genius.com/5556c7f3a4fbc028bc53a1b2751b19c1.1000x1000x1.png","2017-09-11",143838,6,213444,"$UICIDEBOY$","https://genius.com/artists/Uicideboy",603473,"KILL YOUR$ELF Sagas: XVI - XX","https://genius.com/albums/Uicideboy/Kill-your-elf-sagas-xvi-xx"
3232559,"Failure by Design","https://genius.com/Uicideboy-failure-by-design-lyrics","https://images.genius.com/a9d26e93738b2f70cb1cb460a91c2fe2.1000x1000x1.jpg","2017-09-11",119920,14,213444,"$UICIDEBOY$","https://genius.com/artists/Uicideboy",603473,"KILL YOUR$ELF Sagas: XVI - XX","https://genius.com/albums/Uicideboy/Kill-your-elf-sagas-xvi-xx"
2136214,"Fake Pontchartrain (Ft. Key Nyata)","https://genius.com/Uicideboy-fake-pontchartrain-lyrics","https://images.genius.com/d003cb421ae933370661efd35aff805c.1000x1000x1.png","2015-06-15",39141,5,213444,"$UICIDEBOY$","https://genius.com/artists/Uicideboy",126262,"High Tide in the Snake’s Nest","https://genius.com/albums/Uicideboy/High-tide-in-the-snakes-nest"
696003,"Flodgin’","https://genius.com/Uicideboy-flodgin-lyrics","https://images.rapgenius.com/dbc557d41ed0369cd7a99179ce316423.607x608x1.png","2015-01-24",23533,4,213444,"$UICIDEBOY$","https://genius.com/artists/Uicideboy",603490,"KILL YOUR$ELF $agas: VI - X","https://genius.com/albums/Uicideboy/Kill-your-elf-agas-vi-x"
2312727,"Fold","https://genius.com/Uicideboy-fold-lyrics","https://images.genius.com/200740745dcc897f2d9a9a5be05919c3.1000x1000x1.png","2015-09-21",102377,4,213444,"$UICIDEBOY$","https://genius.com/artists/Uicideboy",131581,"My Liver Will Handle What My Heart Can’t","https://genius.com/albums/Uicideboy/My-liver-will-handle-what-my-heart-can-t"
5541220,"Forget It","https://genius.com/Uicideboy-forget-it-lyrics","https://images.genius.com/f4070376322053f8aee83f60c88710cb.1000x1000x1.png","2021-08-13",66497,4,213444,"$UICIDEBOY$","https://genius.com/artists/Uicideboy",754941,"Long Term Effects of SUFFERING","https://genius.com/albums/Uicideboy/Long-term-effects-of-suffering"
3224330,"For the Last Time","https://genius.com/Uicideboy-for-the-last-time-lyrics","https://images.genius.com/474833c6944edf264bf5c922d280f769.1000x1000x1.jpg","2017-09-05",567928,16,213444,"$UICIDEBOY$","https://genius.com/artists/Uicideboy",603473,"KILL YOUR$ELF Sagas: XVI - XX","https://genius.com/albums/Uicideboy/Kill-your-elf-sagas-xvi-xx"
515515,"Friday the 13th","https://genius.com/Uicideboy-friday-the-13th-lyrics","https://images.genius.com/25fc93c85445b4390478cdb04a66b97d.500x500x1.jpg","2014-07-23",33018,2,213444,"$UICIDEBOY$","https://genius.com/artists/Uicideboy",603485,"KILL YOUR$ELF $agas: I - V","https://genius.com/albums/Uicideboy/Kill-your-elf-agas-i-v"
3232557,"From the Beginning of Time Until the End of Time","https://genius.com/Uicideboy-from-the-beginning-of-time-until-the-end-of-time-lyrics","https://images.genius.com/6f5069a72573faa1e2291d1c7d597b52.1000x1000x1.jpg","2017-09-11",150710,10,213444,"$UICIDEBOY$","https://genius.com/artists/Uicideboy",603473,"KILL YOUR$ELF Sagas: XVI - XX","https://genius.com/albums/Uicideboy/Kill-your-elf-sagas-xvi-xx"
3102024,"FUCK","https://genius.com/Uicideboy-fuck-lyrics","https://images.genius.com/6a52a3952f8727a29fb1d210059c8bd5.1000x1000x1.png","2017-05-26",134722,2,213444,"$UICIDEBOY$","https://genius.com/artists/Uicideboy",603468,"KILL YOUR$ELF $agas: XI - XV","https://genius.com/albums/Uicideboy/Kill-your-elf-agas-xi-xv"
562422,"Fuck a Hoe (Ft. Black Smurf)","https://genius.com/Uicideboy-fuck-a-hoe-lyrics","https://images.genius.com/7ac731c25d35764bde617c381bbff022.500x500x1.jpg","2014-10-08",65821,2,213444,"$UICIDEBOY$","https://genius.com/artists/Uicideboy",603485,"KILL YOUR$ELF $agas: I - V","https://genius.com/albums/Uicideboy/Kill-your-elf-agas-i-v"
3484218,"FUCKALLOFYOU2K18","https://genius.com/Uicideboy-fuckallofyou2k18-lyrics","https://images.genius.com/30de0a6a38b3f0bcd30743891b701546.1000x1000x1.png","2018-02-01",86751,5,213444,"$UICIDEBOY$","https://genius.com/artists/Uicideboy",NA,NA,NA
1083826,"Fuck Boy Blood Bath","https://genius.com/Uicideboy-fuck-boy-blood-bath-lyrics","https://images.genius.com/1f1b3dd9ad6b070d02ab6b2689f1dc5b.877x877x1.png","2015-04-15",60929,5,213444,"$UICIDEBOY$","https://genius.com/artists/Uicideboy",123982,"YUNGDEATHLILLIFE","https://genius.com/albums/Uicideboy/Yungdeathlillife"
5551754,"Fucked Up","https://genius.com/Uicideboy-fucked-up-lyrics","https://images.genius.com/3858815bfd12a53748553d09964fed4c.529x529x1.jpg",NA,NA,1,213444,"$UICIDEBOY$","https://genius.com/artists/Uicideboy",NA,NA,NA
8238957,"Fucking Your Culture","https://genius.com/Uicideboy-fucking-your-culture-lyrics","https://images.genius.com/74066d77c93b9c4838c3f93298f9dd00.1000x1000x1.png","2022-07-29",80857,24,213444,"$UICIDEBOY$","https://genius.com/artists/Uicideboy",898161,"Sing Me a Lullaby, My Sweet Temptation","https://genius.com/albums/Uicideboy/Sing-me-a-lullaby-my-sweet-temptation"
3871403,"FUCK the Industry","https://genius.com/Uicideboy-fuck-the-industry-lyrics","https://images.genius.com/54919a5808730abda8ec44a4fbc8a2cb.1000x1000x1.png","2018-09-07",116434,14,213444,"$UICIDEBOY$","https://genius.com/artists/Uicideboy",421863,"I Want to Die in New Orleans","https://genius.com/albums/Uicideboy/I-want-to-die-in-new-orleans"
2303582,"FUCKTHEPOPULATION","https://genius.com/Uicideboy-fuckthepopulation-lyrics","https://images.genius.com/200740745dcc897f2d9a9a5be05919c3.1000x1000x1.png","2015-09-21",508759,10,213444,"$UICIDEBOY$","https://genius.com/artists/Uicideboy",131581,"My Liver Will Handle What My Heart Can’t","https://genius.com/albums/Uicideboy/My-liver-will-handle-what-my-heart-can-t"
5111653,"Fuck Your Culture","https://genius.com/Uicideboy-fuck-your-culture-lyrics","https://images.genius.com/d3a33ffdf98cd572880395600d104c36.822x822x1.png","2019-12-20",111103,7,213444,"$UICIDEBOY$","https://genius.com/artists/Uicideboy",587574,"Stop Staring at the Shadows","https://genius.com/albums/Uicideboy/Stop-staring-at-the-shadows"
1080125,"Gabapentin Getaway","https://genius.com/Uicideboy-gabapentin-getaway-lyrics","https://images.genius.com/f9e8d8a828780834b42141d286716158.999x999x1.png","2015-03-03",45930,3,213444,"$UICIDEBOY$","https://genius.com/artists/Uicideboy",121668,"Gray/Grey","https://genius.com/albums/Uicideboy/Gray-grey"
1081425,"Gaudy Pack $hawty (Ft. Yung God)","https://genius.com/Uicideboy-gaudy-pack-shawty-lyrics","https://images.genius.com/249a7a10f4a648cb048af972c20cc3c5.500x500x1.jpg","2015-02-18",18932,1,213444,"$UICIDEBOY$","https://genius.com/artists/Uicideboy",121668,"Gray/Grey","https://genius.com/albums/Uicideboy/Gray-grey"
8238944,"Genesis","https://genius.com/Uicideboy-genesis-lyrics","https://images.genius.com/74066d77c93b9c4838c3f93298f9dd00.1000x1000x1.png","2022-07-29",77947,10,213444,"$UICIDEBOY$","https://genius.com/artists/Uicideboy",898161,"Sing Me a Lullaby, My Sweet Temptation","https://genius.com/albums/Uicideboy/Sing-me-a-lullaby-my-sweet-temptation"
3232475,"Gloom","https://genius.com/Uicideboy-gloom-lyrics","https://images.genius.com/7eaf1805c6fe8da9b273ed9b74abe294.1000x1000x1.png","2017-09-11",86408,8,213444,"$UICIDEBOY$","https://genius.com/artists/Uicideboy",603473,"KILL YOUR$ELF Sagas: XVI - XX","https://genius.com/albums/Uicideboy/Kill-your-elf-sagas-xvi-xx"
1787161,"Gloss of Blood","https://genius.com/Uicideboy-gloss-of-blood-lyrics","https://images.genius.com/f7925c57be3901fdfbe603ef2870f5d4.1000x1000x1.png","2015-05-08",282093,7,213444,"$UICIDEBOY$","https://genius.com/artists/Uicideboy",123982,"YUNGDEATHLILLIFE","https://genius.com/albums/Uicideboy/Yungdeathlillife"
598193,"Gold (’99-2000)","https://genius.com/Uicideboy-gold-99-2000-lyrics","https://images.rapgenius.com/8011797ca973b14e300fe7c9032efcd5.500x500x1.jpg","2014-11-27",24791,2,213444,"$UICIDEBOY$","https://genius.com/artists/Uicideboy",603490,"KILL YOUR$ELF $agas: VI - X","https://genius.com/albums/Uicideboy/Kill-your-elf-agas-vi-x"
2417281,"Golden Calf (Ft. Eddy Baker & Fat Nick)","https://genius.com/Uicideboy-golden-calf-lyrics","https://images.genius.com/2fc1d062a759a3a7d3523c0caf65e2b8.999x999x1.png","2016-02-03",61079,6,213444,"$UICIDEBOY$","https://genius.com/artists/Uicideboy",142811,"Dark Side of the Clouds","https://genius.com/albums/Uicideboy/Dark-side-of-the-clouds"
3232556,"Goodbye","https://genius.com/Uicideboy-goodbye-lyrics","https://images.genius.com/6f5069a72573faa1e2291d1c7d597b52.1000x1000x1.jpg","2017-09-11",76589,3,213444,"$UICIDEBOY$","https://genius.com/artists/Uicideboy",603473,"KILL YOUR$ELF Sagas: XVI - XX","https://genius.com/albums/Uicideboy/Kill-your-elf-sagas-xvi-xx"
2798202,"Goosebumps","https://genius.com/Uicideboy-goosebumps-lyrics","https://images.genius.com/7254b30491968279480acaaa483d817b.640x640x1.jpg","2016-07-22",107588,13,213444,"$UICIDEBOY$","https://genius.com/artists/Uicideboy",312010,"Radical $uicide","https://genius.com/albums/Uicideboy/Radical-uicide"
2919363,"Gray/Grey (Bonus Album Only Track)","https://genius.com/Uicideboy-gray-grey-bonus-album-only-track-lyrics","https://images.genius.com/f9e8d8a828780834b42141d286716158.999x999x1.png","2015-03-03",30276,2,213444,"$UICIDEBOY$","https://genius.com/artists/Uicideboy",121668,"Gray/Grey","https://genius.com/albums/Uicideboy/Gray-grey"
2385155,"Grayscale (Ft. Black Smurf, JGRXXN & Ramirez)","https://genius.com/Uicideboy-grayscale-lyrics","https://images.genius.com/c57e3aece6dc9fa166b9afa21fb0304f.800x800x1.jpg","2015-12-03",88433,6,213444,"$UICIDEBOY$","https://genius.com/artists/Uicideboy",142811,"Dark Side of the Clouds","https://genius.com/albums/Uicideboy/Dark-side-of-the-clouds"
648674,"Grey Boy$","https://genius.com/Uicideboy-grey-boy-lyrics","https://images.genius.com/fe19fbcb54cc5bef3ae00e55556dcb86.1000x1000x1.jpg","2014-12-22",20351,6,213444,"$UICIDEBOY$","https://genius.com/artists/Uicideboy",117025,"KILL YOUR$ELF Part VII: The Fuck God $aga","https://genius.com/albums/Uicideboy/Kill-your-elf-part-vii-the-fuck-god-aga"
2376246,"Gutting Catfish","https://genius.com/Uicideboy-gutting-catfish-lyrics","https://images.genius.com/55771cdcd60938e759152deb0bc512bd.640x640x1.jpg","2015-11-18",70663,9,213444,"$UICIDEBOY$","https://genius.com/artists/Uicideboy",137997,"Now the Moon’s Rising","https://genius.com/albums/Uicideboy/Now-the-moons-rising"
675531,"Hair","https://genius.com/Uicideboy-hair-lyrics","https://images.rapgenius.com/5ddc3717504d029f52f1fcab28412a61.500x500x1.jpg","2015-01-14",52323,6,213444,"$UICIDEBOY$","https://genius.com/artists/Uicideboy",603490,"KILL YOUR$ELF $agas: VI - X","https://genius.com/albums/Uicideboy/Kill-your-elf-agas-vi-x"
1787177,"Handzum $uicide (Ft. Rozz Dyliams)","https://genius.com/Uicideboy-handzum-suicide-lyrics","https://images.genius.com/f7925c57be3901fdfbe603ef2870f5d4.1000x1000x1.png","2015-05-08",127259,8,213444,"$UICIDEBOY$","https://genius.com/artists/Uicideboy",123982,"YUNGDEATHLILLIFE","https://genius.com/albums/Uicideboy/Yungdeathlillife"
3101959,"Hard to Tell","https://genius.com/Uicideboy-hard-to-tell-lyrics","https://images.genius.com/6c38c303c0465e8afbf15eebe4280bb2.1000x1000x1.png","2017-05-26",224124,10,213444,"$UICIDEBOY$","https://genius.com/artists/Uicideboy",603468,"KILL YOUR$ELF $agas: XI - XV","https://genius.com/albums/Uicideboy/Kill-your-elf-agas-xi-xv"
675522,"Harve$t Moon","https://genius.com/Uicideboy-harve-t-moon-lyrics","https://images.genius.com/c8f1129b9a308ae1d63968f44dac3de6.500x500x1.jpg","2015-01-14",83580,9,213444,"$UICIDEBOY$","https://genius.com/artists/Uicideboy",603490,"KILL YOUR$ELF $agas: VI - X","https://genius.com/albums/Uicideboy/Kill-your-elf-agas-vi-x"
515540,"Heavily Medicated","https://genius.com/Uicideboy-heavily-medicated-lyrics","https://images.rapgenius.com/4216774b2536bebbfb25a79f5be96370.500x500x1.jpg","2014-08-27",38042,6,213444,"$UICIDEBOY$","https://genius.com/artists/Uicideboy",603485,"KILL YOUR$ELF $agas: I - V","https://genius.com/albums/Uicideboy/Kill-your-elf-agas-i-v"
5623797,"Hell (We Livin)","https://genius.com/Uicideboy-hell-we-livin-lyrics","https://images.genius.com/3858815bfd12a53748553d09964fed4c.529x529x1.jpg",NA,NA,0,213444,"$UICIDEBOY$","https://genius.com/artists/Uicideboy",NA,NA,NA
1080371,"$hrimp Poboy (Ft. Supa SortaHuman)","https://genius.com/Uicideboy-hrimp-poboy-lyrics","https://images.genius.com/f9e8d8a828780834b42141d286716158.999x999x1.png","2015-03-03",74732,8,213444,"$UICIDEBOY$","https://genius.com/artists/Uicideboy",121668,"Gray/Grey","https://genius.com/albums/Uicideboy/Gray-grey"
4036597,"HUNG UP ON THE COME UP","https://genius.com/Uicideboy-hung-up-on-the-come-up-lyrics","https://images.genius.com/718c32f555f9ee64e0c9ec485ab8a6cc.1000x1000x1.png","2018-10-23",59648,9,213444,"$UICIDEBOY$","https://genius.com/artists/Uicideboy",NA,NA,NA
3232566,"I Am the Apocalypse","https://genius.com/Uicideboy-i-am-the-apocalypse-lyrics","https://images.genius.com/6f5069a72573faa1e2291d1c7d597b52.1000x1000x1.jpg","2017-09-11",155309,8,213444,"$UICIDEBOY$","https://genius.com/artists/Uicideboy",603473,"KILL YOUR$ELF Sagas: XVI - XX","https://genius.com/albums/Uicideboy/Kill-your-elf-sagas-xvi-xx"
6961021,"$ickk","https://genius.com/Uicideboy-ickk-lyrics","https://images.genius.com/3858815bfd12a53748553d09964fed4c.529x529x1.jpg",NA,NA,0,213444,"$UICIDEBOY$","https://genius.com/artists/Uicideboy",NA,NA,NA
1787167,"I Ended Up Driving the Camaro Off the Causeway Bridge","https://genius.com/Uicideboy-i-ended-up-driving-the-camaro-off-the-causeway-bridge-lyrics","https://images.genius.com/f7925c57be3901fdfbe603ef2870f5d4.1000x1000x1.png","2015-05-08",70775,5,213444,"$UICIDEBOY$","https://genius.com/artists/Uicideboy",123982,"YUNGDEATHLILLIFE","https://genius.com/albums/Uicideboy/Yungdeathlillife"
6934404,"If Self-Destruction was an Olympic Event, I'd be Tonya Harding","https://genius.com/Uicideboy-if-self-destruction-was-an-olympic-event-id-be-tonya-harding-lyrics","https://images.genius.com/f4070376322053f8aee83f60c88710cb.1000x1000x1.png","2021-08-13",118162,7,213444,"$UICIDEBOY$","https://genius.com/artists/Uicideboy",754941,"Long Term Effects of SUFFERING","https://genius.com/albums/Uicideboy/Long-term-effects-of-suffering"
3218466,"I Hung Myself for a Persona","https://genius.com/Uicideboy-i-hung-myself-for-a-persona-lyrics","https://images.genius.com/474833c6944edf264bf5c922d280f769.1000x1000x1.jpg","2017-08-31",209057,10,213444,"$UICIDEBOY$","https://genius.com/artists/Uicideboy",603473,"KILL YOUR$ELF Sagas: XVI - XX","https://genius.com/albums/Uicideboy/Kill-your-elf-sagas-xvi-xx"
6447485,"​I H​​UNG MYSELF FOR A PERSONA​///NOW l’M UP TO MY NECK WITH OFFERS","https://genius.com/Uicideboy-i-hung-myself-for-a-persona-now-lm-up-to-my-neck-with-offers-lyrics","https://images.genius.com/03e786a506a1f381e4f594fa5d59192d.544x544x1.jpg","2017-08-31",NA,0,213444,"$UICIDEBOY$","https://genius.com/artists/Uicideboy",NA,NA,NA
8739919,"I Injected Heroin Into a Vein and Felt Relieved","https://genius.com/Uicideboy-i-injected-heroin-into-a-vein-and-felt-relieved-lyrics","https://images.genius.com/e7e1dd789bec3497e8c56777c422d227.500x500x1.jpg","2023-01-16",NA,0,213444,"$UICIDEBOY$","https://genius.com/artists/Uicideboy",NA,NA,NA
597963,"$ilent Night","https://genius.com/Uicideboy-ilent-night-lyrics","https://images.rapgenius.com/3664edd4b9d478baec849633bc8194df.498x497x1.png","2014-11-21",10489,1,213444,"$UICIDEBOY$","https://genius.com/artists/Uicideboy",NA,NA,NA
1083109,"I’ll Pay for It (If I Want It)","https://genius.com/Uicideboy-ill-pay-for-it-if-i-want-it-lyrics","https://images.genius.com/a8b83b0344dd0b66c0b9a61d36c8f9c8.1000x1000x1.jpg","2015-04-02",34021,1,213444,"$UICIDEBOY$","https://genius.com/artists/Uicideboy",123497,"7th or St. Tammany","https://genius.com/albums/Uicideboy/7th-or-st-tammany"
3228520,"I'm Done.","https://genius.com/Uicideboy-im-done-lyrics","https://images.genius.com/7eaf1805c6fe8da9b273ed9b74abe294.1000x1000x1.png","2017-09-08",233754,15,213444,"$UICIDEBOY$","https://genius.com/artists/Uicideboy",603473,"KILL YOUR$ELF Sagas: XVI - XX","https://genius.com/albums/Uicideboy/Kill-your-elf-sagas-xvi-xx"
1781044,"I Miss My Dead Friends","https://genius.com/Uicideboy-i-miss-my-dead-friends-lyrics","https://images.genius.com/f7925c57be3901fdfbe603ef2870f5d4.1000x1000x1.png","2015-04-29",141510,12,213444,"$UICIDEBOY$","https://genius.com/artists/Uicideboy",123982,"YUNGDEATHLILLIFE","https://genius.com/albums/Uicideboy/Yungdeathlillife"
8238970,"In Constant Sorrow","https://genius.com/Uicideboy-in-constant-sorrow-lyrics","https://images.genius.com/74066d77c93b9c4838c3f93298f9dd00.1000x1000x1.png","2022-07-29",66163,10,213444,"$UICIDEBOY$","https://genius.com/artists/Uicideboy",898161,"Sing Me a Lullaby, My Sweet Temptation","https://genius.com/albums/Uicideboy/Sing-me-a-lullaby-my-sweet-temptation"
2267514,"I No Longer Fear the Razor Guarding My Heel","https://genius.com/Uicideboy-i-no-longer-fear-the-razor-guarding-my-heel-lyrics","https://images.genius.com/63133d150fff84133d5932a24dd9ee76.640x640x1.jpg","2015-07-29",840035,18,213444,"$UICIDEBOY$","https://genius.com/artists/Uicideboy",143416,"I No Longer Fear the Razor Guarding My Heel","https://genius.com/albums/Uicideboy/I-no-longer-fear-the-razor-guarding-my-heel"
2343548,"I No Longer Fear the Razor Guarding My Heel (II)","https://genius.com/Uicideboy-i-no-longer-fear-the-razor-guarding-my-heel-ii-lyrics","https://images.genius.com/bfa610f16c708770cec09f6fc0e971cd.1000x1000x1.jpg","2015-10-30",228785,24,213444,"$UICIDEBOY$","https://genius.com/artists/Uicideboy",143417,"I No Longer Fear the Razor Guarding My Heel (II)","https://genius.com/albums/Uicideboy/I-no-longer-fear-the-razor-guarding-my-heel-ii"
2934617,"I No Longer Fear the Razor Guarding My Heel (III)","https://genius.com/Uicideboy-i-no-longer-fear-the-razor-guarding-my-heel-iii-lyrics","https://images.genius.com/6068310ea606f461252e7a667bfed7b1.1000x1000x1.jpg","2016-12-18",305563,32,213444,"$UICIDEBOY$","https://genius.com/artists/Uicideboy",320918,"I No Longer Fear the Razor Guarding My Heel (III)","https://genius.com/albums/Uicideboy/I-no-longer-fear-the-razor-guarding-my-heel-iii"
3897038,"I No Longer Fear The Razor Guarding My Heel III Official Lyric Book","https://genius.com/Uicideboy-i-no-longer-fear-the-razor-guarding-my-heel-iii-official-lyric-book-annotated","https://images.genius.com/ff689742168986e94be9bf557646d9ed.1000x748x1.jpg",NA,17321,1,213444,"$UICIDEBOY$","https://genius.com/artists/Uicideboy",320918,"I No Longer Fear the Razor Guarding My Heel (III)","https://genius.com/albums/Uicideboy/I-no-longer-fear-the-razor-guarding-my-heel-iii"
3871406,"I No Longer Fear the Razor Guarding My Heel (IV)","https://genius.com/Uicideboy-i-no-longer-fear-the-razor-guarding-my-heel-iv-lyrics","https://images.genius.com/54919a5808730abda8ec44a4fbc8a2cb.1000x1000x1.png","2018-09-07",300360,19,213444,"$UICIDEBOY$","https://genius.com/artists/Uicideboy",421863,"I Want to Die in New Orleans","https://genius.com/albums/Uicideboy/I-want-to-die-in-new-orleans"
1787175,"In Order to Cast a Shadow You Must First Light a Fire","https://genius.com/Uicideboy-in-order-to-cast-a-shadow-you-must-first-light-a-fire-lyrics","https://images.genius.com/f7925c57be3901fdfbe603ef2870f5d4.1000x1000x1.png","2015-05-08",30673,4,213444,"$UICIDEBOY$","https://genius.com/artists/Uicideboy",123982,"YUNGDEATHLILLIFE","https://genius.com/albums/Uicideboy/Yungdeathlillife"
3232560,"Introversion 2.0","https://genius.com/Uicideboy-introversion-20-lyrics","https://images.genius.com/a9d26e93738b2f70cb1cb460a91c2fe2.1000x1000x1.jpg","2017-09-11",214667,9,213444,"$UICIDEBOY$","https://genius.com/artists/Uicideboy",603473,"KILL YOUR$ELF Sagas: XVI - XX","https://genius.com/albums/Uicideboy/Kill-your-elf-sagas-xvi-xx"
2334102,"Iron Veil","https://genius.com/Uicideboy-iron-veil-lyrics","https://images.genius.com/200740745dcc897f2d9a9a5be05919c3.1000x1000x1.png","2015-09-21",53213,6,213444,"$UICIDEBOY$","https://genius.com/artists/Uicideboy",131581,"My Liver Will Handle What My Heart Can’t","https://genius.com/albums/Uicideboy/My-liver-will-handle-what-my-heart-can-t"
2373651,"I Think I'm Ian Read","https://genius.com/Uicideboy-i-think-im-ian-read-lyrics","https://images.genius.com/55771cdcd60938e759152deb0bc512bd.640x640x1.jpg","2015-11-18",131609,4,213444,"$UICIDEBOY$","https://genius.com/artists/Uicideboy",137997,"Now the Moon’s Rising","https://genius.com/albums/Uicideboy/Now-the-moons-rising"
2856096,"It's Hard to Win When You Always Lose","https://genius.com/Uicideboy-its-hard-to-win-when-you-always-lose-lyrics","https://images.genius.com/a6f4e8cd477300162f823c778da34b52.640x640x1.jpg","2016-09-11",89006,6,213444,"$UICIDEBOY$","https://genius.com/artists/Uicideboy",165663,"Eternal Grey","https://genius.com/albums/Uicideboy/Eternal-grey"
5254566,"I Wanna Be Romanticized","https://genius.com/Uicideboy-i-wanna-be-romanticized-lyrics","https://images.genius.com/4be0b28f5c9be2888e3c163ff7323db6.822x822x1.png","2020-02-14",105446,3,213444,"$UICIDEBOY$","https://genius.com/artists/Uicideboy",587574,"Stop Staring at the Shadows","https://genius.com/albums/Uicideboy/Stop-staring-at-the-shadows"
2856122,"I Want to Believe","https://genius.com/Uicideboy-i-want-to-believe-lyrics","https://images.genius.com/a6f4e8cd477300162f823c778da34b52.640x640x1.jpg","2016-09-11",154604,6,213444,"$UICIDEBOY$","https://genius.com/artists/Uicideboy",165663,"Eternal Grey","https://genius.com/albums/Uicideboy/Eternal-grey"
4060274,"I Will Celebrate for Stepping on Broken Glass and Slipping on Stomach Soaked Floors","https://genius.com/Uicideboy-i-will-celebrate-for-stepping-on-broken-glass-and-slipping-on-stomach-soaked-floors-lyrics","https://images.genius.com/63133d150fff84133d5932a24dd9ee76.640x640x1.jpg","2015-07-29",NA,3,213444,"$UICIDEBOY$","https://genius.com/artists/Uicideboy",143416,"I No Longer Fear the Razor Guarding My Heel","https://genius.com/albums/Uicideboy/I-no-longer-fear-the-razor-guarding-my-heel"
6232498,"I Will Celebrate for Stepping on Broken Glass and Slipping on Stomach Soaked Floors (Original)","https://genius.com/Uicideboy-i-will-celebrate-for-stepping-on-broken-glass-and-slipping-on-stomach-soaked-floors-original-lyrics","https://images.genius.com/e6638dcfdb4c5e25025d1b2bcd288078.500x500x1.jpg","2015-08-01",16700,3,213444,"$UICIDEBOY$","https://genius.com/artists/Uicideboy",NA,NA,NA
2417275,"Jeffer Drive","https://genius.com/Uicideboy-jeffer-drive-lyrics","https://images.genius.com/2fc1d062a759a3a7d3523c0caf65e2b8.999x999x1.png","2016-02-03",105432,3,213444,"$UICIDEBOY$","https://genius.com/artists/Uicideboy",142811,"Dark Side of the Clouds","https://genius.com/albums/Uicideboy/Dark-side-of-the-clouds"
2417279,"Jon Voight (Live Fast, Die Young)","https://genius.com/Uicideboy-jon-voight-live-fast-die-young-lyrics","https://images.genius.com/2fc1d062a759a3a7d3523c0caf65e2b8.999x999x1.png","2016-02-03",53664,1,213444,"$UICIDEBOY$","https://genius.com/artists/Uicideboy",142811,"Dark Side of the Clouds","https://genius.com/albums/Uicideboy/Dark-side-of-the-clouds"
670083,"Kamehameha (Kamikaze Remix)","https://genius.com/Uicideboy-kamehameha-kamikaze-remix-lyrics","https://images.rapgenius.com/c97991a31ad0f9ed96f9ca3dd441225c.1000x1000x1.jpg","2015-01-08",71847,5,213444,"$UICIDEBOY$","https://genius.com/artists/Uicideboy",603490,"KILL YOUR$ELF $agas: VI - X","https://genius.com/albums/Uicideboy/Kill-your-elf-agas-vi-x"
515477,"Kill Your$elf","https://genius.com/Uicideboy-kill-your-elf-lyrics","https://images.genius.com/46f1adf880c579b42f6aa682cb5096e1.500x500x1.jpg","2014-05-20",270403,10,213444,"$UICIDEBOY$","https://genius.com/artists/Uicideboy",603485,"KILL YOUR$ELF $agas: I - V","https://genius.com/albums/Uicideboy/Kill-your-elf-agas-i-v"
2986251,"Kill Your$elf (Leaned Out Remix)","https://genius.com/Uicideboy-kill-your-elf-leaned-out-remix-lyrics","https://images.genius.com/7431c9b1796495820bb8442846aada72.822x822x1.png","2014-07-16",7040,2,213444,"$UICIDEBOY$","https://genius.com/artists/Uicideboy",112004,"KILL YOUR$ELF Part I: The $uicide $aga","https://genius.com/albums/Uicideboy/Kill-your-elf-part-i-the-uicide-aga"
1081645,"Kill Your$elf (Part II)","https://genius.com/Uicideboy-kill-your-elf-part-ii-lyrics","https://images.genius.com/f9e8d8a828780834b42141d286716158.999x999x1.png","2015-03-03",256450,6,213444,"$UICIDEBOY$","https://genius.com/artists/Uicideboy",121668,"Gray/Grey","https://genius.com/albums/Uicideboy/Gray-grey"
7178729,"Kill Your$elf (Part II) (Spotify Version)","https://genius.com/Uicideboy-kill-your-elf-part-ii-spotify-version-lyrics","https://images.genius.com/c88d3373d33931eb4584710b49e8e7a3.220x220x1.png","2015-03-03",NA,1,213444,"$UICIDEBOY$","https://genius.com/artists/Uicideboy",NA,NA,NA
2313538,"Kill Yourself (Part III)","https://genius.com/Uicideboy-kill-yourself-part-iii-lyrics","https://images.genius.com/200740745dcc897f2d9a9a5be05919c3.1000x1000x1.png","2015-09-21",3014478,16,213444,"$UICIDEBOY$","https://genius.com/artists/Uicideboy",131581,"My Liver Will Handle What My Heart Can’t","https://genius.com/albums/Uicideboy/My-liver-will-handle-what-my-heart-can-t"
2878057,"Kill Yourself (Part IV)","https://genius.com/Uicideboy-kill-yourself-part-iv-lyrics","https://images.genius.com/405e50e7cf71bbd36f0ce3b44a160e92.1000x1000x1.png","2016-10-09",502038,7,213444,"$UICIDEBOY$","https://genius.com/artists/Uicideboy",NA,NA,NA
3871391,"King Tulip","https://genius.com/Uicideboy-king-tulip-lyrics","https://images.genius.com/54919a5808730abda8ec44a4fbc8a2cb.1000x1000x1.png","2018-09-07",286599,16,213444,"$UICIDEBOY$","https://genius.com/artists/Uicideboy",421863,"I Want to Die in New Orleans","https://genius.com/albums/Uicideboy/I-want-to-die-in-new-orleans"
3871397,"Krewe du Vieux (Comedy & Tragedy)","https://genius.com/Uicideboy-krewe-du-vieux-comedy-and-tragedy-lyrics","https://images.genius.com/54919a5808730abda8ec44a4fbc8a2cb.1000x1000x1.png","2018-09-07",129181,8,213444,"$UICIDEBOY$","https://genius.com/artists/Uicideboy",421863,"I Want to Die in New Orleans","https://genius.com/albums/Uicideboy/I-want-to-die-in-new-orleans"
1787162,"La Croix","https://genius.com/Uicideboy-la-croix-lyrics","https://images.genius.com/f7925c57be3901fdfbe603ef2870f5d4.1000x1000x1.png","2015-05-08",54090,11,213444,"$UICIDEBOY$","https://genius.com/artists/Uicideboy",123982,"YUNGDEATHLILLIFE","https://genius.com/albums/Uicideboy/Yungdeathlillife"
3232478,"Lamar Avenue","https://genius.com/Uicideboy-lamar-avenue-lyrics","https://images.genius.com/5556c7f3a4fbc028bc53a1b2751b19c1.1000x1000x1.png","2017-09-11",81018,5,213444,"$UICIDEBOY$","https://genius.com/artists/Uicideboy",603473,"KILL YOUR$ELF Sagas: XVI - XX","https://genius.com/albums/Uicideboy/Kill-your-elf-sagas-xvi-xx"
3232558,"Leave Me Alone","https://genius.com/Uicideboy-leave-me-alone-lyrics","https://images.genius.com/a9d26e93738b2f70cb1cb460a91c2fe2.1000x1000x1.jpg","2017-09-11",173846,5,213444,"$UICIDEBOY$","https://genius.com/artists/Uicideboy",603473,"KILL YOUR$ELF Sagas: XVI - XX","https://genius.com/albums/Uicideboy/Kill-your-elf-sagas-xvi-xx"
1083686,"Leave Your Things Behind","https://genius.com/Uicideboy-leave-your-things-behind-lyrics","https://images.genius.com/a8b83b0344dd0b66c0b9a61d36c8f9c8.1000x1000x1.jpg","2015-04-02",95639,5,213444,"$UICIDEBOY$","https://genius.com/artists/Uicideboy",123497,"7th or St. Tammany","https://genius.com/albums/Uicideboy/7th-or-st-tammany"
2856087,"Leave Your Things Behind II","https://genius.com/Uicideboy-leave-your-things-behind-ii-lyrics","https://images.genius.com/a6f4e8cd477300162f823c778da34b52.640x640x1.jpg","2016-09-11",254292,7,213444,"$UICIDEBOY$","https://genius.com/artists/Uicideboy",165663,"Eternal Grey","https://genius.com/albums/Uicideboy/Eternal-grey"
696013,"$leep Walk","https://genius.com/Uicideboy-leep-walk-lyrics","https://images.genius.com/ba6b7960a15c54a4f33dcfa1ae376d86.1000x1000x1.jpg","2015-01-24",64481,5,213444,"$UICIDEBOY$","https://genius.com/artists/Uicideboy",603490,"KILL YOUR$ELF $agas: VI - X","https://genius.com/albums/Uicideboy/Kill-your-elf-agas-vi-x"
528246,"$leepy Hollow (Slopped & Chewed)","https://genius.com/Uicideboy-leepy-hollow-slopped-and-chewed-lyrics","https://images.genius.com/71b3ca12a78f14bd2f11444036269399.1000x1000x1.jpg","2014-09-24",14187,4,213444,"$UICIDEBOY$","https://genius.com/artists/Uicideboy",112896,"KILL YOUR$ELF Part IV: The Trill Clinton $aga","https://genius.com/albums/Uicideboy/Kill-your-elf-part-iv-the-trill-clinton-aga"
693584,"Lemon $lime","https://genius.com/Uicideboy-lemon-slime-lyrics","https://images.rapgenius.com/474f4a0b5128b8165ec7e2b87e6b0174.500x500x1.jpg","2015-01-24",27381,2,213444,"$UICIDEBOY$","https://genius.com/artists/Uicideboy",603490,"KILL YOUR$ELF $agas: VI - X","https://genius.com/albums/Uicideboy/Kill-your-elf-agas-vi-x"
2256236,"Let 'Em Burn","https://genius.com/Uicideboy-let-em-burn-lyrics","https://images.genius.com/513804d7f5dcdef0baf821a33323b162.1000x1000x1.jpg","2015-07-22",30790,3,213444,"$UICIDEBOY$","https://genius.com/artists/Uicideboy",128012,"Grey Sheep","https://genius.com/albums/Uicideboy/Grey-sheep"
515544,"Lettuce","https://genius.com/Uicideboy-lettuce-lyrics","https://images.genius.com/d4e26be53ac2200cd79973f52b193121.822x822x1.png","2014-08-27",26405,3,213444,"$UICIDEBOY$","https://genius.com/artists/Uicideboy",112006,"KILL YOUR$ELF Part III: The Budd Dwyer $aga","https://genius.com/albums/Uicideboy/Kill-your-elf-part-iii-the-budd-dwyer-aga"
6934405,"Life is but a Stream~","https://genius.com/Uicideboy-life-is-but-a-stream-lyrics","https://images.genius.com/f4070376322053f8aee83f60c88710cb.1000x1000x1.png","2021-08-13",84907,4,213444,"$UICIDEBOY$","https://genius.com/artists/Uicideboy",754941,"Long Term Effects of SUFFERING","https://genius.com/albums/Uicideboy/Long-term-effects-of-suffering"
6934411,"Lighting the Flames of My Own Personal Hell","https://genius.com/Uicideboy-lighting-the-flames-of-my-own-personal-hell-lyrics","https://images.genius.com/f4070376322053f8aee83f60c88710cb.1000x1000x1.png","2021-08-13",50852,3,213444,"$UICIDEBOY$","https://genius.com/artists/Uicideboy",754941,"Long Term Effects of SUFFERING","https://genius.com/albums/Uicideboy/Long-term-effects-of-suffering"
696009,"Limp Wri$t","https://genius.com/Uicideboy-limp-wri-t-lyrics","https://images.rapgenius.com/48d830c96852a3e3d26a89e68a847065.603x613x1.png","2015-01-24",54438,4,213444,"$UICIDEBOY$","https://genius.com/artists/Uicideboy",603490,"KILL YOUR$ELF $agas: VI - X","https://genius.com/albums/Uicideboy/Kill-your-elf-agas-vi-x"
2136134,"Lincoln Continental Memorial (Ft. Slug † Christ)","https://genius.com/Uicideboy-lincoln-continental-memorial-lyrics","https://images.genius.com/d003cb421ae933370661efd35aff805c.1000x1000x1.png","2015-06-15",55426,9,213444,"$UICIDEBOY$","https://genius.com/artists/Uicideboy",126262,"High Tide in the Snake’s Nest","https://genius.com/albums/Uicideboy/High-tide-in-the-snakes-nest"
528216,"Lo-Fi (Kill 'Em All)","https://genius.com/Uicideboy-lo-fi-kill-em-all-lyrics","https://images.genius.com/03038c28ce1b624cba9c5b41c7bcfc07.1000x1000x1.jpg","2014-09-10",29120,4,213444,"$UICIDEBOY$","https://genius.com/artists/Uicideboy",603485,"KILL YOUR$ELF $agas: I - V","https://genius.com/albums/Uicideboy/Kill-your-elf-agas-i-v"
3871400,"Long Gone (Save Me from This Hell)","https://genius.com/Uicideboy-long-gone-save-me-from-this-hell-lyrics","https://images.genius.com/54919a5808730abda8ec44a4fbc8a2cb.1000x1000x1.png","2018-09-07",111409,3,213444,"$UICIDEBOY$","https://genius.com/artists/Uicideboy",421863,"I Want to Die in New Orleans","https://genius.com/albums/Uicideboy/I-want-to-die-in-new-orleans"
1078795,"Loot (Ft. Black Smurf & Ramirez)","https://genius.com/Uicideboy-loot-lyrics","https://images.genius.com/f9e8d8a828780834b42141d286716158.999x999x1.png","2015-03-03",29528,6,213444,"$UICIDEBOY$","https://genius.com/artists/Uicideboy",121668,"Gray/Grey","https://genius.com/albums/Uicideboy/Gray-grey"
2373607,"Low Key","https://genius.com/Uicideboy-low-key-lyrics","https://images.genius.com/55771cdcd60938e759152deb0bc512bd.640x640x1.jpg","2015-11-18",488508,11,213444,"$UICIDEBOY$","https://genius.com/artists/Uicideboy",137997,"Now the Moon’s Rising","https://genius.com/albums/Uicideboy/Now-the-moons-rising"
515549,"$low Motion Potion (Ft. Supa SortaHuman)","https://genius.com/Uicideboy-low-motion-potion-lyrics","https://images.genius.com/f10fe7020ea26faf3c50f3d9b6990482.500x500x1.jpg","2014-04-23",21324,3,213444,"$UICIDEBOY$","https://genius.com/artists/Uicideboy",637861,"Songsthatwewontgetsuedforbutattheendofthedayweallgonnadieanyway","https://genius.com/albums/Uicideboy/Songsthatwewontgetsuedforbutattheendofthedayweallgonnadieanyway"
1787158,"LTE","https://genius.com/Uicideboy-lte-lyrics","https://images.genius.com/f7925c57be3901fdfbe603ef2870f5d4.1000x1000x1.png","2015-05-08",512988,11,213444,"$UICIDEBOY$","https://genius.com/artists/Uicideboy",123982,"YUNGDEATHLILLIFE","https://genius.com/albums/Uicideboy/Yungdeathlillife"
2856100,"Lucky Me","https://genius.com/Uicideboy-lucky-me-lyrics","https://images.genius.com/a6f4e8cd477300162f823c778da34b52.640x640x1.jpg","2016-09-11",134464,8,213444,"$UICIDEBOY$","https://genius.com/artists/Uicideboy",165663,"Eternal Grey","https://genius.com/albums/Uicideboy/Eternal-grey"
2798211,"Magazine","https://genius.com/Uicideboy-magazine-lyrics","https://images.genius.com/7254b30491968279480acaaa483d817b.640x640x1.jpg","2016-07-22",562781,13,213444,"$UICIDEBOY$","https://genius.com/artists/Uicideboy",312010,"Radical $uicide","https://genius.com/albums/Uicideboy/Radical-uicide"
1079519,"Magnolia (Ft. KirbLaGoop)","https://genius.com/Uicideboy-magnolia-lyrics","https://images.genius.com/f9e8d8a828780834b42141d286716158.999x999x1.png","2015-03-03",81678,9,213444,"$UICIDEBOY$","https://genius.com/artists/Uicideboy",121668,"Gray/Grey","https://genius.com/albums/Uicideboy/Gray-grey"
515494,"Ma$k & da Glock (Ft. TrippyThaKid)","https://genius.com/Uicideboy-ma-k-and-da-glock-lyrics","https://images.genius.com/4fa539b8afba7b1d25bb5788593dca56.500x500x1.jpg","2014-07-16",31862,7,213444,"$UICIDEBOY$","https://genius.com/artists/Uicideboy",603485,"KILL YOUR$ELF $agas: I - V","https://genius.com/albums/Uicideboy/Kill-your-elf-agas-i-v"
2136207,"Mannequins Are My Best of Friends","https://genius.com/Uicideboy-mannequins-are-my-best-of-friends-lyrics","https://images.genius.com/d003cb421ae933370661efd35aff805c.1000x1000x1.png","2015-06-15",68814,5,213444,"$UICIDEBOY$","https://genius.com/artists/Uicideboy",126262,"High Tide in the Snake’s Nest","https://genius.com/albums/Uicideboy/High-tide-in-the-snakes-nest"
483162,"Maple $yrup (Ft. BONES)","https://genius.com/Uicideboy-maple-syrup-lyrics","https://images.genius.com/5629b00a632b36c7ce1df0682041775d.901x904x1.png","2014-07-09",36971,5,213444,"$UICIDEBOY$","https://genius.com/artists/Uicideboy",603485,"KILL YOUR$ELF $agas: I - V","https://genius.com/albums/Uicideboy/Kill-your-elf-agas-i-v"
2986260,"Maple $yrup (DJ Poliwhirl Remix) (Ft. BONES)","https://genius.com/Uicideboy-maple-syrup-dj-poliwhirl-remix-lyrics","https://images.genius.com/5794ea2a40f54cb608dcfe92d2a1d081.822x822x1.jpg","2014-07-16",NA,2,213444,"$UICIDEBOY$","https://genius.com/artists/Uicideboy",112004,"KILL YOUR$ELF Part I: The $uicide $aga","https://genius.com/albums/Uicideboy/Kill-your-elf-part-i-the-uicide-aga"
2417280,"Marlboros & White Widow (Ft. Germ)","https://genius.com/Uicideboy-marlboros-and-white-widow-lyrics","https://images.genius.com/2fc1d062a759a3a7d3523c0caf65e2b8.999x999x1.png","2016-02-03",97593,5,213444,"$UICIDEBOY$","https://genius.com/artists/Uicideboy",142811,"Dark Side of the Clouds","https://genius.com/albums/Uicideboy/Dark-side-of-the-clouds"
6934415,"Materialism as a Means to an End","https://genius.com/Uicideboy-materialism-as-a-means-to-an-end-lyrics","https://images.genius.com/a3e55c887abec0ab607e901e6f82a48f.1000x1000x1.png","2021-07-16",168265,4,213444,"$UICIDEBOY$","https://genius.com/artists/Uicideboy",754941,"Long Term Effects of SUFFERING","https://genius.com/albums/Uicideboy/Long-term-effects-of-suffering"
8243463,"Matte Black","https://genius.com/Uicideboy-matte-black-lyrics","https://images.genius.com/74066d77c93b9c4838c3f93298f9dd00.1000x1000x1.png","2022-07-29",115910,25,213444,"$UICIDEBOY$","https://genius.com/artists/Uicideboy",898161,"Sing Me a Lullaby, My Sweet Temptation","https://genius.com/albums/Uicideboy/Sing-me-a-lullaby-my-sweet-temptation"
3871401,"Meet Mr. NICEGUY","https://genius.com/Uicideboy-meet-mr-niceguy-lyrics","https://images.genius.com/54919a5808730abda8ec44a4fbc8a2cb.1000x1000x1.png","2018-08-24",275303,7,213444,"$UICIDEBOY$","https://genius.com/artists/Uicideboy",421863,"I Want to Die in New Orleans","https://genius.com/albums/Uicideboy/I-want-to-die-in-new-orleans"
5254569,"MEGA ZEPH","https://genius.com/Uicideboy-mega-zeph-lyrics","https://images.genius.com/d3a33ffdf98cd572880395600d104c36.822x822x1.png","2020-02-14",80395,5,213444,"$UICIDEBOY$","https://genius.com/artists/Uicideboy",587574,"Stop Staring at the Shadows","https://genius.com/albums/Uicideboy/Stop-staring-at-the-shadows"
2798214,"Memoirs of a Gorilla","https://genius.com/Uicideboy-memoirs-of-a-gorilla-lyrics","https://images.genius.com/7254b30491968279480acaaa483d817b.640x640x1.jpg","2016-07-01",560624,11,213444,"$UICIDEBOY$","https://genius.com/artists/Uicideboy",312010,"Radical $uicide","https://genius.com/albums/Uicideboy/Radical-uicide"
2862143,"$moke a $ack","https://genius.com/Uicideboy-moke-a-sack-lyrics","https://images.genius.com/805ac5a69325df1cfc67bc856e92dbd6.500x500x1.jpg","2013-11-25",23913,4,213444,"$UICIDEBOY$","https://genius.com/artists/Uicideboy",221722,"Patron Saint of Everything Totally Fucked","https://genius.com/albums/Scrim/Patron-saint-of-everything-totally-fucked"
515534,"$moked Out, Loced Out","https://genius.com/Uicideboy-moked-out-loced-out-lyrics","https://images.genius.com/a99f3001622d1d3b27bfa6a516a3ddcc.600x600x1.jpg","2014-08-18",45011,3,213444,"$UICIDEBOY$","https://genius.com/artists/Uicideboy",603485,"KILL YOUR$ELF $agas: I - V","https://genius.com/albums/Uicideboy/Kill-your-elf-agas-i-v"
695998,"$moked Out, Loced Out (Part II) (Ft. Eddy Baker)","https://genius.com/Uicideboy-moked-out-loced-out-part-ii-lyrics","https://images.genius.com/ca7b5d566bb18b73113c985db7f0f1fd.500x500x1.jpg","2015-01-19",22406,4,213444,"$UICIDEBOY$","https://genius.com/artists/Uicideboy",603490,"KILL YOUR$ELF $agas: VI - X","https://genius.com/albums/Uicideboy/Kill-your-elf-agas-vi-x"
2136202,"Mount Sinai","https://genius.com/Uicideboy-mount-sinai-lyrics","https://images.genius.com/d003cb421ae933370661efd35aff805c.1000x1000x1.png","2015-06-15",416059,9,213444,"$UICIDEBOY$","https://genius.com/artists/Uicideboy",126262,"High Tide in the Snake’s Nest","https://genius.com/albums/Uicideboy/High-tide-in-the-snakes-nest"
4060253,"My Flaws Burn Through My Skin Like Demonic Flames from Hell","https://genius.com/Uicideboy-my-flaws-burn-through-my-skin-like-demonic-flames-from-hell-lyrics","https://images.genius.com/63133d150fff84133d5932a24dd9ee76.640x640x1.jpg","2015-07-29",53240,3,213444,"$UICIDEBOY$","https://genius.com/artists/Uicideboy",143416,"I No Longer Fear the Razor Guarding My Heel","https://genius.com/albums/Uicideboy/I-no-longer-fear-the-razor-guarding-my-heel"
6677274,"My Flaws Burn Through My Skin Like Demonic Flames from Hell (Original)","https://genius.com/Uicideboy-my-flaws-burn-through-my-skin-like-demonic-flames-from-hell-original-lyrics","https://images.genius.com/3858815bfd12a53748553d09964fed4c.529x529x1.jpg","2015-08-01",NA,0,213444,"$UICIDEBOY$","https://genius.com/artists/Uicideboy",NA,NA,NA
4060259,"My Scars Are Like Evidence Being Mailed to the Judge","https://genius.com/Uicideboy-my-scars-are-like-evidence-being-mailed-to-the-judge-lyrics","https://images.genius.com/63133d150fff84133d5932a24dd9ee76.640x640x1.jpg","2015-07-29",9962,5,213444,"$UICIDEBOY$","https://genius.com/artists/Uicideboy",143416,"I No Longer Fear the Razor Guarding My Heel","https://genius.com/albums/Uicideboy/I-no-longer-fear-the-razor-guarding-my-heel"
3092592,"New Chains, Same Shackles","https://genius.com/Uicideboy-new-chains-same-shackles-lyrics","https://images.genius.com/6c38c303c0465e8afbf15eebe4280bb2.1000x1000x1.png","2017-05-18",622322,15,213444,"$UICIDEBOY$","https://genius.com/artists/Uicideboy",603468,"KILL YOUR$ELF $agas: XI - XV","https://genius.com/albums/Uicideboy/Kill-your-elf-agas-xi-xv"
6660501,"NEW PROFILE PIC","https://genius.com/Uicideboy-new-profile-pic-lyrics","https://images.genius.com/b40768ab71b7dd9db3e40fd5277c001c.1000x1000x1.png","2021-04-16",122922,11,213444,"$UICIDEBOY$","https://genius.com/artists/Uicideboy",754941,"Long Term Effects of SUFFERING","https://genius.com/albums/Uicideboy/Long-term-effects-of-suffering"
3871393,"Nicotine Patches","https://genius.com/Uicideboy-nicotine-patches-lyrics","https://images.genius.com/54919a5808730abda8ec44a4fbc8a2cb.1000x1000x1.png","2018-09-07",198862,11,213444,"$UICIDEBOY$","https://genius.com/artists/Uicideboy",421863,"I Want to Die in New Orleans","https://genius.com/albums/Uicideboy/I-want-to-die-in-new-orleans"
3101678,"Nightmare Choir (I Been Asleep Too Long)","https://genius.com/Uicideboy-nightmare-choir-i-been-asleep-too-long-lyrics","https://images.genius.com/f47c67c24b81d3392635e142fe2541fd.1000x1000x1.png","2017-05-26",120712,9,213444,"$UICIDEBOY$","https://genius.com/artists/Uicideboy",603468,"KILL YOUR$ELF $agas: XI - XV","https://genius.com/albums/Uicideboy/Kill-your-elf-agas-xi-xv"
528205,"​nm jc","https://genius.com/Uicideboy-nm-jc-lyrics","https://images.genius.com/35cfcdca0b4b2c2f329a61850a342c85.500x500x1.jpg","2014-09-17",43414,1,213444,"$UICIDEBOY$","https://genius.com/artists/Uicideboy",603485,"KILL YOUR$ELF $agas: I - V","https://genius.com/albums/Uicideboy/Kill-your-elf-agas-i-v"
8238982,"No Matter Which Direction I'm Going In, I Never Chase These Hoes","https://genius.com/Uicideboy-no-matter-which-direction-im-going-in-i-never-chase-these-hoes-lyrics","https://images.genius.com/74066d77c93b9c4838c3f93298f9dd00.1000x1000x1.png","2022-07-29",45369,14,213444,"$UICIDEBOY$","https://genius.com/artists/Uicideboy",898161,"Sing Me a Lullaby, My Sweet Temptation","https://genius.com/albums/Uicideboy/Sing-me-a-lullaby-my-sweet-temptation"
8869569,"Noose That I'm Used To","https://genius.com/Uicideboy-noose-that-im-used-to-lyrics","https://images.genius.com/e7c634159ef99ae6e3b9f9b1cb908589.500x500x1.jpg","2023-02-27",NA,0,213444,"$UICIDEBOY$","https://genius.com/artists/Uicideboy",NA,NA,NA
8747317,"North $ide $uicide","https://genius.com/Uicideboy-north-side-suicide-lyrics","https://images.genius.com/54cf3d8b3a66c4585e16b0af112569f7.500x500x1.jpg","2023-01-20",NA,0,213444,"$UICIDEBOY$","https://genius.com/artists/Uicideboy",NA,NA,NA
2576617,"Novus Ordo Seclorum","https://genius.com/Uicideboy-novus-ordo-seclorum-lyrics","https://images.genius.com/2fc1d062a759a3a7d3523c0caf65e2b8.999x999x1.png","2016-02-03",46226,4,213444,"$UICIDEBOY$","https://genius.com/artists/Uicideboy",142811,"Dark Side of the Clouds","https://genius.com/albums/Uicideboy/Dark-side-of-the-clouds"
3218468,"Now I'm Up to My Neck With Offers","https://genius.com/Uicideboy-now-im-up-to-my-neck-with-offers-lyrics","https://images.genius.com/474833c6944edf264bf5c922d280f769.1000x1000x1.jpg","2017-08-31",387694,15,213444,"$UICIDEBOY$","https://genius.com/artists/Uicideboy",603473,"KILL YOUR$ELF Sagas: XVI - XX","https://genius.com/albums/Uicideboy/Kill-your-elf-sagas-xvi-xx"
648653,"NOxygen","https://genius.com/Uicideboy-noxygen-lyrics","https://images.genius.com/4cc94e30d0035c300dff7fddeab8bdb5.606x607x1.png","2014-12-15",87429,12,213444,"$UICIDEBOY$","https://genius.com/artists/Uicideboy",117025,"KILL YOUR$ELF Part VII: The Fuck God $aga","https://genius.com/albums/Uicideboy/Kill-your-elf-part-vii-the-fuck-god-aga"
4294219,"NUMBING THE PAIN, BECAUSE NERVES ARE OVERRATED (Ft. 6IXUS)","https://genius.com/Uicideboy-numbing-the-pain-because-nerves-are-overrated-lyrics","https://images.genius.com/ab507fe23b6f6bd450470538c716ab99.500x500x1.jpg","2017-06-28",NA,2,213444,"$UICIDEBOY$","https://genius.com/artists/Uicideboy",NA,NA,NA
515522,"Ocean $ide $uicide","https://genius.com/Uicideboy-ocean-side-suicide-lyrics","https://images.genius.com/ec077185c8beec525e48df40dcf25ccf.1000x1000x1.jpg","2014-07-30",133573,6,213444,"$UICIDEBOY$","https://genius.com/artists/Uicideboy",603485,"KILL YOUR$ELF $agas: I - V","https://genius.com/albums/Uicideboy/Kill-your-elf-agas-i-v"
3101962,"O’ Lord! I Have My Doubts","https://genius.com/Uicideboy-o-lord-i-have-my-doubts-lyrics","https://images.genius.com/6c38c303c0465e8afbf15eebe4280bb2.1000x1000x1.png","2017-05-26",187621,12,213444,"$UICIDEBOY$","https://genius.com/artists/Uicideboy",603468,"KILL YOUR$ELF $agas: XI - XV","https://genius.com/albums/Uicideboy/Kill-your-elf-agas-xi-xv"
5254567,"One Last Look at the Damage","https://genius.com/Uicideboy-one-last-look-at-the-damage-lyrics","https://images.genius.com/4be0b28f5c9be2888e3c163ff7323db6.822x822x1.png","2020-02-14",97535,9,213444,"$UICIDEBOY$","https://genius.com/artists/Uicideboy",587574,"Stop Staring at the Shadows","https://genius.com/albums/Uicideboy/Stop-staring-at-the-shadows"
2313528,"Opal Ring","https://genius.com/Uicideboy-opal-ring-lyrics","https://images.genius.com/200740745dcc897f2d9a9a5be05919c3.1000x1000x1.png","2015-09-21",103354,10,213444,"$UICIDEBOY$","https://genius.com/artists/Uicideboy",131581,"My Liver Will Handle What My Heart Can’t","https://genius.com/albums/Uicideboy/My-liver-will-handle-what-my-heart-can-t"
2852658,"O Pana!","https://genius.com/Uicideboy-o-pana-lyrics","https://images.genius.com/a6f4e8cd477300162f823c778da34b52.640x640x1.jpg","2016-09-06",664785,11,213444,"$UICIDEBOY$","https://genius.com/artists/Uicideboy",165663,"Eternal Grey","https://genius.com/albums/Uicideboy/Eternal-grey"
2256240,"Oracle","https://genius.com/Uicideboy-oracle-lyrics","https://images.genius.com/513804d7f5dcdef0baf821a33323b162.1000x1000x1.jpg","2015-07-22",30772,4,213444,"$UICIDEBOY$","https://genius.com/artists/Uicideboy",128012,"Grey Sheep","https://genius.com/albums/Uicideboy/Grey-sheep"
2136190,"$outh $ide $uicide (Ft. Pouya)","https://genius.com/Uicideboy-outh-side-suicide-lyrics","https://images.genius.com/a2da3c24780031294bb454e1b4551fa2.500x500x1.jpg","2015-05-31",1139712,15,213444,"$UICIDEBOY$","https://genius.com/artists/Uicideboy",126262,"High Tide in the Snake’s Nest","https://genius.com/albums/Uicideboy/High-tide-in-the-snakes-nest"
2417266,"Paper Bag Mask","https://genius.com/Uicideboy-paper-bag-mask-lyrics","https://images.genius.com/2fc1d062a759a3a7d3523c0caf65e2b8.999x999x1.png","2016-02-03",96249,9,213444,"$UICIDEBOY$","https://genius.com/artists/Uicideboy",142811,"Dark Side of the Clouds","https://genius.com/albums/Uicideboy/Dark-side-of-the-clouds"
2374033,"Paris","https://genius.com/Uicideboy-paris-lyrics","https://images.genius.com/55771cdcd60938e759152deb0bc512bd.640x640x1.jpg","2015-11-18",1420996,13,213444,"$UICIDEBOY$","https://genius.com/artists/Uicideboy",137997,"Now the Moon’s Rising","https://genius.com/albums/Uicideboy/Now-the-moons-rising"
528236,"Pe$o","https://genius.com/Uicideboy-pe-o-lyrics","https://images.genius.com/71b3ca12a78f14bd2f11444036269399.1000x1000x1.jpg","2014-09-24",12652,4,213444,"$UICIDEBOY$","https://genius.com/artists/Uicideboy",112896,"KILL YOUR$ELF Part IV: The Trill Clinton $aga","https://genius.com/albums/Uicideboy/Kill-your-elf-part-iv-the-trill-clinton-aga"
3871396,"Phantom Menace","https://genius.com/Uicideboy-phantom-menace-lyrics","https://images.genius.com/54919a5808730abda8ec44a4fbc8a2cb.1000x1000x1.png","2018-09-07",111933,9,213444,"$UICIDEBOY$","https://genius.com/artists/Uicideboy",421863,"I Want to Die in New Orleans","https://genius.com/albums/Uicideboy/I-want-to-die-in-new-orleans"
3052863,"Pictures (Ft. Maxo Kream)","https://genius.com/Uicideboy-pictures-lyrics","https://images.genius.com/89cb8f4c43bc185242f660876eb4f308.1000x1000x1.jpg","2017-04-12",109437,5,213444,"$UICIDEBOY$","https://genius.com/artists/Uicideboy",603468,"KILL YOUR$ELF $agas: XI - XV","https://genius.com/albums/Uicideboy/Kill-your-elf-agas-xi-xv"
3075751,"Planting the Roots Only to Fall Out the Tree","https://genius.com/Uicideboy-planting-the-roots-only-to-fall-out-the-tree-lyrics","https://images.genius.com/eb93926c94287cb66cc081df91a3220b.1000x1000x1.jpg","2017-05-03",142098,10,213444,"$UICIDEBOY$","https://genius.com/artists/Uicideboy",603468,"KILL YOUR$ELF $agas: XI - XV","https://genius.com/albums/Uicideboy/Kill-your-elf-agas-xi-xv"
740176,"Pontiac $unfire","https://genius.com/Uicideboy-pontiac-sunfire-lyrics","https://images.genius.com/f9e8d8a828780834b42141d286716158.999x999x1.png","2015-03-03",115292,7,213444,"$UICIDEBOY$","https://genius.com/artists/Uicideboy",121668,"Gray/Grey","https://genius.com/albums/Uicideboy/Gray-grey"
2417274,"​praisethedevil","https://genius.com/Uicideboy-praisethedevil-lyrics","https://images.genius.com/2fc1d062a759a3a7d3523c0caf65e2b8.999x999x1.png","2016-02-03",135564,9,213444,"$UICIDEBOY$","https://genius.com/artists/Uicideboy",142811,"Dark Side of the Clouds","https://genius.com/albums/Uicideboy/Dark-side-of-the-clouds"
1080638,"Prettyleaf","https://genius.com/Uicideboy-prettyleaf-lyrics","https://images.genius.com/f9e8d8a828780834b42141d286716158.999x999x1.png","2015-03-03",41496,7,213444,"$UICIDEBOY$","https://genius.com/artists/Uicideboy",121668,"Gray/Grey","https://genius.com/albums/Uicideboy/Gray-grey"
528221,"Prince Tulip","https://genius.com/Uicideboy-prince-tulip-lyrics","https://images.rapgenius.com/dff5f621d40aa887bb31f2bea5c6bf19.500x500x1.jpg","2014-09-24",70019,2,213444,"$UICIDEBOY$","https://genius.com/artists/Uicideboy",603485,"KILL YOUR$ELF $agas: I - V","https://genius.com/albums/Uicideboy/Kill-your-elf-agas-i-v"
5987985,"Psychedelic $uicide","https://genius.com/Uicideboy-psychedelic-suicide-lyrics","https://images.genius.com/3858815bfd12a53748553d09964fed4c.529x529x1.jpg","2015-08-13",6041,0,213444,"$UICIDEBOY$","https://genius.com/artists/Uicideboy",NA,NA,NA
3102023,"Pump Fake","https://genius.com/Uicideboy-pump-fake-lyrics","https://images.genius.com/6a52a3952f8727a29fb1d210059c8bd5.1000x1000x1.png","2017-05-26",66773,2,213444,"$UICIDEBOY$","https://genius.com/artists/Uicideboy",603468,"KILL YOUR$ELF $agas: XI - XV","https://genius.com/albums/Uicideboy/Kill-your-elf-agas-xi-xv"
598214,"Purple Ranger [$ippin’ Donatello with Captain Ginyu Y2K Remix] (Ft. Wavy Jone$)","https://genius.com/Uicideboy-purple-ranger-ippin-donatello-with-captain-ginyu-y2k-remix-lyrics","https://images.rapgenius.com/d3bfcc79da232b2c27f1623fa39bb625.498x498x1.png","2014-11-19",54407,3,213444,"$UICIDEBOY$","https://genius.com/artists/Uicideboy",603490,"KILL YOUR$ELF $agas: VI - X","https://genius.com/albums/Uicideboy/Kill-your-elf-agas-vi-x"
5254570,"Putrid Pride","https://genius.com/Uicideboy-putrid-pride-lyrics","https://images.genius.com/4be0b28f5c9be2888e3c163ff7323db6.822x822x1.png","2020-02-14",183319,8,213444,"$UICIDEBOY$","https://genius.com/artists/Uicideboy",587574,"Stop Staring at the Shadows","https://genius.com/albums/Uicideboy/Stop-staring-at-the-shadows"
1083768,"Rag Round My Skull","https://genius.com/Uicideboy-rag-round-my-skull-lyrics","https://images.genius.com/a8b83b0344dd0b66c0b9a61d36c8f9c8.1000x1000x1.jpg","2015-04-02",126038,6,213444,"$UICIDEBOY$","https://genius.com/artists/Uicideboy",123497,"7th or St. Tammany","https://genius.com/albums/Uicideboy/7th-or-st-tammany"
2313516,"Reign in Blood","https://genius.com/Uicideboy-reign-in-blood-lyrics","https://images.genius.com/200740745dcc897f2d9a9a5be05919c3.1000x1000x1.png","2015-09-21",165632,5,213444,"$UICIDEBOY$","https://genius.com/artists/Uicideboy",131581,"My Liver Will Handle What My Heart Can’t","https://genius.com/albums/Uicideboy/My-liver-will-handle-what-my-heart-can-t"
2467399,"Resin","https://genius.com/Uicideboy-resin-lyrics","https://images.genius.com/4662516979fa60ee6cea6e15ed29e5ed.800x800x1.jpg","2016-05-05",60045,3,213444,"$UICIDEBOY$","https://genius.com/artists/Uicideboy",151375,"Grey Sheep II","https://genius.com/albums/Uicideboy/Grey-sheep-ii"
8238978,"Resistance Is Useless","https://genius.com/Uicideboy-resistance-is-useless-lyrics","https://images.genius.com/74066d77c93b9c4838c3f93298f9dd00.1000x1000x1.png","2022-07-29",44342,15,213444,"$UICIDEBOY$","https://genius.com/artists/Uicideboy",898161,"Sing Me a Lullaby, My Sweet Temptation","https://genius.com/albums/Uicideboy/Sing-me-a-lullaby-my-sweet-temptation"
1083267,"Romulus","https://genius.com/Uicideboy-romulus-lyrics","https://images.genius.com/a8b83b0344dd0b66c0b9a61d36c8f9c8.1000x1000x1.jpg","2015-04-02",45165,6,213444,"$UICIDEBOY$","https://genius.com/artists/Uicideboy",123497,"7th or St. Tammany","https://genius.com/albums/Uicideboy/7th-or-st-tammany"
2136212,"Rotten and Paralyzed in a Tropical Paradise","https://genius.com/Uicideboy-rotten-and-paralyzed-in-a-tropical-paradise-lyrics","https://images.genius.com/d003cb421ae933370661efd35aff805c.1000x1000x1.png","2015-06-15",120518,10,213444,"$UICIDEBOY$","https://genius.com/artists/Uicideboy",126262,"High Tide in the Snake’s Nest","https://genius.com/albums/Uicideboy/High-tide-in-the-snakes-nest"
515506,"Rotten $oul$","https://genius.com/Uicideboy-rotten-soul-lyrics","https://images.rapgenius.com/0b5c9727dc1e2ea281e8631aa95222f5.500x500x1.jpg","2014-08-06",40458,6,213444,"$UICIDEBOY$","https://genius.com/artists/Uicideboy",603485,"KILL YOUR$ELF $agas: I - V","https://genius.com/albums/Uicideboy/Kill-your-elf-agas-i-v"
2456168,"Royal","https://genius.com/Uicideboy-royal-lyrics","https://images.rapgenius.com/86bc25668a38ab52967149a7529bf218.1000x1000x1.jpg","2015-02-26",29376,0,213444,"$UICIDEBOY$","https://genius.com/artists/Uicideboy",149123,"Digital Flowerings Vol. 2","https://genius.com/albums/Internet-hippy/Digital-flowerings-vol-2"
2856138,"Say Cheese and Die","https://genius.com/Uicideboy-say-cheese-and-die-lyrics","https://images.genius.com/a6f4e8cd477300162f823c778da34b52.640x640x1.jpg","2016-09-11",186516,6,213444,"$UICIDEBOY$","https://genius.com/artists/Uicideboy",165663,"Eternal Grey","https://genius.com/albums/Uicideboy/Eternal-grey"
5111652,"Scope Set","https://genius.com/Uicideboy-scope-set-lyrics","https://images.genius.com/d3a33ffdf98cd572880395600d104c36.822x822x1.png","2019-12-20",92822,3,213444,"$UICIDEBOY$","https://genius.com/artists/Uicideboy",587574,"Stop Staring at the Shadows","https://genius.com/albums/Uicideboy/Stop-staring-at-the-shadows"
4086200,"Scrape","https://genius.com/Uicideboy-scrape-lyrics","https://images.genius.com/3f1b899bb991ca21ae594a7b6d5ab1b1.1000x1000x1.png","2018-11-13",68639,7,213444,"$UICIDEBOY$","https://genius.com/artists/Uicideboy",NA,NA,NA
2256237,"Second Coming","https://genius.com/Uicideboy-second-coming-lyrics","https://images.genius.com/513804d7f5dcdef0baf821a33323b162.1000x1000x1.jpg","2015-07-22",35979,3,213444,"$UICIDEBOY$","https://genius.com/artists/Uicideboy",128012,"Grey Sheep","https://genius.com/albums/Uicideboy/Grey-sheep"
3232491,"Second Lines Come with Broken Souls","https://genius.com/Uicideboy-second-lines-come-with-broken-souls-lyrics","https://images.genius.com/5556c7f3a4fbc028bc53a1b2751b19c1.1000x1000x1.png","2017-09-11",74361,5,213444,"$UICIDEBOY$","https://genius.com/artists/Uicideboy",603473,"KILL YOUR$ELF Sagas: XVI - XX","https://genius.com/albums/Uicideboy/Kill-your-elf-sagas-xvi-xx"
2313520,"Shattered Amethyst","https://genius.com/Uicideboy-shattered-amethyst-lyrics","https://images.genius.com/200740745dcc897f2d9a9a5be05919c3.1000x1000x1.png","2015-09-21",138787,9,213444,"$UICIDEBOY$","https://genius.com/artists/Uicideboy",131581,"My Liver Will Handle What My Heart Can’t","https://genius.com/albums/Uicideboy/My-liver-will-handle-what-my-heart-can-t"
3232473,"Smoked Out, Scoped Out","https://genius.com/Uicideboy-smoked-out-scoped-out-lyrics","https://images.genius.com/7eaf1805c6fe8da9b273ed9b74abe294.1000x1000x1.png","2017-09-11",71497,6,213444,"$UICIDEBOY$","https://genius.com/artists/Uicideboy",603473,"KILL YOUR$ELF Sagas: XVI - XX","https://genius.com/albums/Uicideboy/Kill-your-elf-sagas-xvi-xx"
1781053,"Sold My Soul to Satan Waiting in Line at the Mall","https://genius.com/Uicideboy-sold-my-soul-to-satan-waiting-in-line-at-the-mall-lyrics","https://images.genius.com/0db0f834cb6eb7977ec8ab15625db9c6.877x877x1.png","2015-05-01",169257,9,213444,"$UICIDEBOY$","https://genius.com/artists/Uicideboy",123982,"YUNGDEATHLILLIFE","https://genius.com/albums/Uicideboy/Yungdeathlillife"
1083637,"St. Bernard","https://genius.com/Uicideboy-st-bernard-lyrics","https://images.genius.com/a8b83b0344dd0b66c0b9a61d36c8f9c8.1000x1000x1.jpg","2015-04-02",21063,4,213444,"$UICIDEBOY$","https://genius.com/artists/Uicideboy",123497,"7th or St. Tammany","https://genius.com/albums/Uicideboy/7th-or-st-tammany"
2798191,"Stop Calling Us Horrorcore","https://genius.com/Uicideboy-stop-calling-us-horrorcore-lyrics","https://images.genius.com/7254b30491968279480acaaa483d817b.640x640x1.jpg","2016-07-22",110861,2,213444,"$UICIDEBOY$","https://genius.com/artists/Uicideboy",312010,"Radical $uicide","https://genius.com/albums/Uicideboy/Radical-uicide"
1083411,"Straw Chairs","https://genius.com/Uicideboy-straw-chairs-lyrics","https://images.genius.com/a8b83b0344dd0b66c0b9a61d36c8f9c8.1000x1000x1.jpg","2015-04-02",31577,2,213444,"$UICIDEBOY$","https://genius.com/artists/Uicideboy",123497,"7th or St. Tammany","https://genius.com/albums/Uicideboy/7th-or-st-tammany"
3102116,"Styrofoam","https://genius.com/Uicideboy-styrofoam-lyrics","https://images.genius.com/89cb8f4c43bc185242f660876eb4f308.1000x1000x1.jpg","2017-05-26",56804,2,213444,"$UICIDEBOY$","https://genius.com/artists/Uicideboy",603468,"KILL YOUR$ELF $agas: XI - XV","https://genius.com/albums/Uicideboy/Kill-your-elf-agas-xi-xv"
2136208,"Sunshine","https://genius.com/Uicideboy-sunshine-lyrics","https://images.genius.com/d003cb421ae933370661efd35aff805c.1000x1000x1.png","2015-06-15",226371,7,213444,"$UICIDEBOY$","https://genius.com/artists/Uicideboy",126262,"High Tide in the Snake’s Nest","https://genius.com/albums/Uicideboy/High-tide-in-the-snakes-nest"
3101677,"Temple Spray","https://genius.com/Uicideboy-temple-spray-lyrics","https://images.genius.com/f47c67c24b81d3392635e142fe2541fd.1000x1000x1.png","2017-05-26",93759,8,213444,"$UICIDEBOY$","https://genius.com/artists/Uicideboy",603468,"KILL YOUR$ELF $agas: XI - XV","https://genius.com/albums/Uicideboy/Kill-your-elf-agas-xi-xv"
670066,"Tempura","https://genius.com/Uicideboy-tempura-lyrics","https://images.genius.com/247ba66c7e5a13e39188769873f17be0.500x500x1.jpg","2015-01-02",51660,7,213444,"$UICIDEBOY$","https://genius.com/artists/Uicideboy",603490,"KILL YOUR$ELF $agas: VI - X","https://genius.com/albums/Uicideboy/Kill-your-elf-agas-vi-x"
5254571,"That Just Isn't Empirically Possible","https://genius.com/Uicideboy-that-just-isnt-empirically-possible-lyrics","https://images.genius.com/d3a33ffdf98cd572880395600d104c36.822x822x1.png","2020-02-14",185806,4,213444,"$UICIDEBOY$","https://genius.com/artists/Uicideboy",587574,"Stop Staring at the Shadows","https://genius.com/albums/Uicideboy/Stop-staring-at-the-shadows"
1083194,"That's Very Minimalist of You","https://genius.com/Uicideboy-thats-very-minimalist-of-you-lyrics","https://images.genius.com/a8b83b0344dd0b66c0b9a61d36c8f9c8.1000x1000x1.jpg","2015-04-02",38907,4,213444,"$UICIDEBOY$","https://genius.com/artists/Uicideboy",123497,"7th or St. Tammany","https://genius.com/albums/Uicideboy/7th-or-st-tammany"
1787155,"That Time We Went to Wal Mart In Memphis To Steal Some Shit Before We Met Up With TA To Shoot His Video (Ft. Ghost (Memphis))","https://genius.com/Uicideboy-that-time-we-went-to-wal-mart-in-memphis-to-steal-some-shit-before-we-met-up-with-ta-to-shoot-his-video-lyrics","https://images.genius.com/f7925c57be3901fdfbe603ef2870f5d4.1000x1000x1.png","2015-05-08",69875,6,213444,"$UICIDEBOY$","https://genius.com/artists/Uicideboy",123982,"YUNGDEATHLILLIFE","https://genius.com/albums/Uicideboy/Yungdeathlillife"
2256233,"The Crescent Moon and the Rising Sun","https://genius.com/Uicideboy-the-crescent-moon-and-the-rising-sun-lyrics","https://images.genius.com/513804d7f5dcdef0baf821a33323b162.1000x1000x1.jpg","2015-07-18",65103,6,213444,"$UICIDEBOY$","https://genius.com/artists/Uicideboy",128012,"Grey Sheep","https://genius.com/albums/Uicideboy/Grey-sheep"
7922414,"THE_EVIL_THAT_MEN_DO","https://genius.com/Uicideboy-the-evil-that-men-do-lyrics","https://images.genius.com/a210dbbe82669cd93c6c31cee8b3ffb0.1000x1000x1.png","2022-04-22",101315,14,213444,"$UICIDEBOY$","https://genius.com/artists/Uicideboy",898161,"Sing Me a Lullaby, My Sweet Temptation","https://genius.com/albums/Uicideboy/Sing-me-a-lullaby-my-sweet-temptation"
8320045,"THE_EVIL_THAT_MEN_DO (Original Version)","https://genius.com/Uicideboy-the-evil-that-men-do-original-version-lyrics","https://images.genius.com/3858815bfd12a53748553d09964fed4c.529x529x1.jpg",NA,NA,0,213444,"$UICIDEBOY$","https://genius.com/artists/Uicideboy",NA,NA,NA
2476141,"The Nail to the Cross","https://genius.com/Uicideboy-the-nail-to-the-cross-lyrics","https://images.genius.com/7540fa5674763caee2f604bb814411d0.1000x1000x1.jpg","2016-05-19",165142,11,213444,"$UICIDEBOY$","https://genius.com/artists/Uicideboy",151375,"Grey Sheep II","https://genius.com/albums/Uicideboy/Grey-sheep-ii"
6934417,"The Number You Have Dialed is Not in Service","https://genius.com/Uicideboy-the-number-you-have-dialed-is-not-in-service-lyrics","https://images.genius.com/f4070376322053f8aee83f60c88710cb.1000x1000x1.png","2021-08-13",117887,7,213444,"$UICIDEBOY$","https://genius.com/artists/Uicideboy",754941,"Long Term Effects of SUFFERING","https://genius.com/albums/Uicideboy/Long-term-effects-of-suffering"
2479766,"The Sacred","https://genius.com/Uicideboy-the-sacred-lyrics","https://images.genius.com/7540fa5674763caee2f604bb814411d0.1000x1000x1.jpg","2016-05-25",55945,4,213444,"$UICIDEBOY$","https://genius.com/artists/Uicideboy",151375,"Grey Sheep II","https://genius.com/albums/Uicideboy/Grey-sheep-ii"
528225,"Thieves","https://genius.com/Uicideboy-thieves-lyrics","https://images.genius.com/71b3ca12a78f14bd2f11444036269399.1000x1000x1.jpg","2014-09-24",9953,2,213444,"$UICIDEBOY$","https://genius.com/artists/Uicideboy",112896,"KILL YOUR$ELF Part IV: The Trill Clinton $aga","https://genius.com/albums/Uicideboy/Kill-your-elf-part-iv-the-trill-clinton-aga"
7186848,"$tick ‘Em Up","https://genius.com/Uicideboy-tick-em-up-lyrics","https://images.genius.com/3858815bfd12a53748553d09964fed4c.529x529x1.jpg","2021-12-02",NA,0,213444,"$UICIDEBOY$","https://genius.com/artists/Uicideboy",NA,NA,NA
2369753,"To Have and Have Not","https://genius.com/Uicideboy-to-have-and-have-not-lyrics","https://images.genius.com/55771cdcd60938e759152deb0bc512bd.640x640x1.jpg","2015-11-13",166391,12,213444,"$UICIDEBOY$","https://genius.com/artists/Uicideboy",137997,"Now the Moon’s Rising","https://genius.com/albums/Uicideboy/Now-the-moons-rising"
1080855,"To Kill a Mockingbird (Ft. Nightmare Nasty)","https://genius.com/Uicideboy-to-kill-a-mockingbird-lyrics","https://images.genius.com/f9e8d8a828780834b42141d286716158.999x999x1.png","2015-03-03",30589,2,213444,"$UICIDEBOY$","https://genius.com/artists/Uicideboy",121668,"Gray/Grey","https://genius.com/albums/Uicideboy/Gray-grey"
598217,"Tony Hawk Pro Skater 4","https://genius.com/Uicideboy-tony-hawk-pro-skater-4-lyrics","https://images.genius.com/1cd2ffa58bc5b5a974b4d88589c2ee43.500x500x1.jpg","2014-11-10",41169,13,213444,"$UICIDEBOY$","https://genius.com/artists/Uicideboy",603490,"KILL YOUR$ELF $agas: VI - X","https://genius.com/albums/Uicideboy/Kill-your-elf-agas-vi-x"
3084510,"$TORAGE","https://genius.com/Uicideboy-torage-lyrics","https://images.genius.com/7b58e1cbf9e9dad75b72a8504e9db5e1.500x500x1.jpg","2014-01-07",18349,3,213444,"$UICIDEBOY$","https://genius.com/artists/Uicideboy",286828,"Pluto","https://genius.com/albums/Ruby-da-cherry/Pluto"
696015,"Torcher","https://genius.com/Uicideboy-torcher-lyrics","https://images.genius.com/37344ae2b3e63cd56e4a46c5a50e068f.1000x1000x1.jpg","2015-01-24",12520,3,213444,"$UICIDEBOY$","https://genius.com/artists/Uicideboy",603490,"KILL YOUR$ELF $agas: VI - X","https://genius.com/albums/Uicideboy/Kill-your-elf-agas-vi-x"
598191,"Trapathy","https://genius.com/Uicideboy-trapathy-lyrics","https://images.genius.com/d9df3739460cbb595f5f638089afd7de.1000x1000x1.jpg","2014-11-27",12444,0,213444,"$UICIDEBOY$","https://genius.com/artists/Uicideboy",603490,"KILL YOUR$ELF $agas: VI - X","https://genius.com/albums/Uicideboy/Kill-your-elf-agas-vi-x"
2313530,"T.R.U. (Totally Rotten Underground)","https://genius.com/Uicideboy-tru-totally-rotten-underground-lyrics","https://images.genius.com/200740745dcc897f2d9a9a5be05919c3.1000x1000x1.png","2015-09-21",144044,6,213444,"$UICIDEBOY$","https://genius.com/artists/Uicideboy",131581,"My Liver Will Handle What My Heart Can’t","https://genius.com/albums/Uicideboy/My-liver-will-handle-what-my-heart-can-t"
2313526,"Tulane","https://genius.com/Uicideboy-tulane-lyrics","https://images.genius.com/200740745dcc897f2d9a9a5be05919c3.1000x1000x1.png","2015-09-21",170285,5,213444,"$UICIDEBOY$","https://genius.com/artists/Uicideboy",131581,"My Liver Will Handle What My Heart Can’t","https://genius.com/albums/Uicideboy/My-liver-will-handle-what-my-heart-can-t"
2856118,"Uglier (Ft. Da$H)","https://genius.com/Uicideboy-uglier-lyrics","https://images.genius.com/a6f4e8cd477300162f823c778da34b52.640x640x1.jpg","2016-09-11",119114,7,213444,"$UICIDEBOY$","https://genius.com/artists/Uicideboy",165663,"Eternal Grey","https://genius.com/albums/Uicideboy/Eternal-grey"
6934416,"Ugliest","https://genius.com/Uicideboy-ugliest-lyrics","https://images.genius.com/f4070376322053f8aee83f60c88710cb.1000x1000x1.png","2021-08-13",152305,7,213444,"$UICIDEBOY$","https://genius.com/artists/Uicideboy",754941,"Long Term Effects of SUFFERING","https://genius.com/albums/Uicideboy/Long-term-effects-of-suffering"
2136177,"Ugly","https://genius.com/Uicideboy-ugly-lyrics","https://images.genius.com/d003cb421ae933370661efd35aff805c.1000x1000x1.png","2015-06-15",190196,9,213444,"$UICIDEBOY$","https://genius.com/artists/Uicideboy",126262,"High Tide in the Snake’s Nest","https://genius.com/albums/Uicideboy/High-tide-in-the-snakes-nest"
6996123,"$UICIDEBOY$ Discography","https://genius.com/Uicideboy-uicideboy-discography-annotated","https://images.genius.com/e9d77a4e253d4469b3ee406342273dc2.633x633x1.jpg",NA,9923,19,213444,"$UICIDEBOY$","https://genius.com/artists/Uicideboy",NA,NA,NA
8238983,"$uicideboy$ Were Better In 2015","https://genius.com/Uicideboy-uicideboy-were-better-in-2015-lyrics","https://images.genius.com/74066d77c93b9c4838c3f93298f9dd00.1000x1000x1.png","2022-07-29",68819,9,213444,"$UICIDEBOY$","https://genius.com/artists/Uicideboy",898161,"Sing Me a Lullaby, My Sweet Temptation","https://genius.com/albums/Uicideboy/Sing-me-a-lullaby-my-sweet-temptation"
598116,"$uicider","https://genius.com/Uicideboy-uicider-lyrics","https://images.genius.com/d9df3739460cbb595f5f638089afd7de.1000x1000x1.jpg","2014-11-27",11190,3,213444,"$UICIDEBOY$","https://genius.com/artists/Uicideboy",603490,"KILL YOUR$ELF $agas: VI - X","https://genius.com/albums/Uicideboy/Kill-your-elf-agas-vi-x"
2846720,"Ultimate $uicide (Ft. Denzel Curry)","https://genius.com/Uicideboy-ultimate-suicide-lyrics","https://images.genius.com/a6f4e8cd477300162f823c778da34b52.640x640x1.jpg","2016-08-28",304200,12,213444,"$UICIDEBOY$","https://genius.com/artists/Uicideboy",165663,"Eternal Grey","https://genius.com/albums/Uicideboy/Eternal-grey"
2379512,"Underwater Malibu","https://genius.com/Uicideboy-underwater-malibu-lyrics","https://images.genius.com/55771cdcd60938e759152deb0bc512bd.640x640x1.jpg","2015-11-18",46454,8,213444,"$UICIDEBOY$","https://genius.com/artists/Uicideboy",137997,"Now the Moon’s Rising","https://genius.com/albums/Uicideboy/Now-the-moons-rising"
8238984,"Unlucky Me","https://genius.com/Uicideboy-unlucky-me-lyrics","https://images.genius.com/74066d77c93b9c4838c3f93298f9dd00.1000x1000x1.png","2022-07-29",44342,7,213444,"$UICIDEBOY$","https://genius.com/artists/Uicideboy",898161,"Sing Me a Lullaby, My Sweet Temptation","https://genius.com/albums/Uicideboy/Sing-me-a-lullaby-my-sweet-temptation"
7649587,"Unreleased (Ft. Freddie Dredd)","https://genius.com/Uicideboy-unreleased-lyrics","https://images.genius.com/3858815bfd12a53748553d09964fed4c.529x529x1.jpg",NA,NA,0,213444,"$UICIDEBOY$","https://genius.com/artists/Uicideboy",NA,NA,NA
8956576,"Untitled snippet 1","https://genius.com/Uicideboy-untitled-snippet-1-lyrics","https://images.genius.com/f05772afd62ce0bef75e9ae7d73e1609.1000x1000x1.jpg",NA,NA,0,213444,"$UICIDEBOY$","https://genius.com/artists/Uicideboy",1017443,"YIN/////YANG/////////","https://genius.com/albums/Uicideboy/Yin-yang"
8962148,"Untitled snippet 2","https://genius.com/Uicideboy-untitled-snippet-2-lyrics","https://images.genius.com/f05772afd62ce0bef75e9ae7d73e1609.1000x1000x1.jpg",NA,NA,0,213444,"$UICIDEBOY$","https://genius.com/artists/Uicideboy",1017443,"YIN/////YANG/////////","https://genius.com/albums/Uicideboy/Yin-yang"
3099352,"Venom (Ft. Shakewell)","https://genius.com/Uicideboy-venom-lyrics","https://images.genius.com/6a52a3952f8727a29fb1d210059c8bd5.1000x1000x1.png","2017-05-24",229985,3,213444,"$UICIDEBOY$","https://genius.com/artists/Uicideboy",603468,"KILL YOUR$ELF $agas: XI - XV","https://genius.com/albums/Uicideboy/Kill-your-elf-agas-xi-xv"
1083351,"Vices (Ft. JGRXXN)","https://genius.com/Uicideboy-vices-lyrics","https://images.genius.com/a8b83b0344dd0b66c0b9a61d36c8f9c8.1000x1000x1.jpg","2015-04-02",104532,8,213444,"$UICIDEBOY$","https://genius.com/artists/Uicideboy",123497,"7th or St. Tammany","https://genius.com/albums/Uicideboy/7th-or-st-tammany"
490609,"Vietnam","https://genius.com/Uicideboy-vietnam-lyrics","https://images.rapgenius.com/20502095ac6a21810e0cde563a9d2825.1000x1000x1.png","2014-06-25",52668,5,213444,"$UICIDEBOY$","https://genius.com/artists/Uicideboy",603490,"KILL YOUR$ELF $agas: VI - X","https://genius.com/albums/Uicideboy/Kill-your-elf-agas-vi-x"
2313511,"Vincent Van Gogh Ain't Got Shit on Me","https://genius.com/Uicideboy-vincent-van-gogh-aint-got-shit-on-me-lyrics","https://images.genius.com/200740745dcc897f2d9a9a5be05919c3.1000x1000x1.png","2015-09-21",134297,9,213444,"$UICIDEBOY$","https://genius.com/artists/Uicideboy",131581,"My Liver Will Handle What My Heart Can’t","https://genius.com/albums/Uicideboy/My-liver-will-handle-what-my-heart-can-t"
648638,"VIVIVI (Ft. Ramirez)","https://genius.com/Uicideboy-vivivi-lyrics","https://images.genius.com/2c28798d4998bcfc2aff58e61c7a6edb.500x500x1.png","2014-12-08",89813,6,213444,"$UICIDEBOY$","https://genius.com/artists/Uicideboy",117025,"KILL YOUR$ELF Part VII: The Fuck God $aga","https://genius.com/albums/Uicideboy/Kill-your-elf-part-vii-the-fuck-god-aga"
3871398,"WAR TIME ALL THE TIME","https://genius.com/Uicideboy-war-time-all-the-time-lyrics","https://images.genius.com/54919a5808730abda8ec44a4fbc8a2cb.1000x1000x1.png","2018-09-07",120600,20,213444,"$UICIDEBOY$","https://genius.com/artists/Uicideboy",421863,"I Want to Die in New Orleans","https://genius.com/albums/Uicideboy/I-want-to-die-in-new-orleans"
2856115,"Water $uicide (Ft. Chris Travis)","https://genius.com/Uicideboy-water-suicide-lyrics","https://images.genius.com/a6f4e8cd477300162f823c778da34b52.640x640x1.jpg","2016-09-11",188208,6,213444,"$UICIDEBOY$","https://genius.com/artists/Uicideboy",165663,"Eternal Grey","https://genius.com/albums/Uicideboy/Eternal-grey"
6934410,"WE ENVY NOTHING IN THE WORLD.","https://genius.com/Uicideboy-we-envy-nothing-in-the-world-lyrics","https://images.genius.com/f4070376322053f8aee83f60c88710cb.1000x1000x1.png","2021-08-13",60383,4,213444,"$UICIDEBOY$","https://genius.com/artists/Uicideboy",754941,"Long Term Effects of SUFFERING","https://genius.com/albums/Uicideboy/Long-term-effects-of-suffering"
5254572,"What The Fuck Is Happening","https://genius.com/Uicideboy-what-the-fuck-is-happening-lyrics","https://images.genius.com/d3a33ffdf98cd572880395600d104c36.822x822x1.png","2020-02-14",109531,7,213444,"$UICIDEBOY$","https://genius.com/artists/Uicideboy",587574,"Stop Staring at the Shadows","https://genius.com/albums/Uicideboy/Stop-staring-at-the-shadows"
648588,"Where's Your God?","https://genius.com/Uicideboy-wheres-your-god-lyrics","https://images.genius.com/4576c81500e4ea5c814dd1920e5fa5cf.607x608x1.png","2014-12-22",123179,5,213444,"$UICIDEBOY$","https://genius.com/artists/Uicideboy",117025,"KILL YOUR$ELF Part VII: The Fuck God $aga","https://genius.com/albums/Uicideboy/Kill-your-elf-part-vii-the-fuck-god-aga"
5254568,"[whispers indistinctly]","https://genius.com/Uicideboy-whispers-indistinctly-lyrics","https://images.genius.com/4be0b28f5c9be2888e3c163ff7323db6.822x822x1.png","2020-02-14",99992,5,213444,"$UICIDEBOY$","https://genius.com/artists/Uicideboy",587574,"Stop Staring at the Shadows","https://genius.com/albums/Uicideboy/Stop-staring-at-the-shadows"
2313532,"Whoa, I'm Woeful","https://genius.com/Uicideboy-whoa-im-woeful-lyrics","https://images.genius.com/1b8bb2e2b55039fc7d593c92aff2eb1c.1000x1000x1.jpg","2015-09-16",159380,6,213444,"$UICIDEBOY$","https://genius.com/artists/Uicideboy",131581,"My Liver Will Handle What My Heart Can’t","https://genius.com/albums/Uicideboy/My-liver-will-handle-what-my-heart-can-t"
3102114,"Withdrawals/Withdrawals","https://genius.com/Uicideboy-withdrawals-withdrawals-lyrics","https://images.genius.com/89cb8f4c43bc185242f660876eb4f308.1000x1000x1.jpg","2017-05-26",57499,6,213444,"$UICIDEBOY$","https://genius.com/artists/Uicideboy",603468,"KILL YOUR$ELF $agas: XI - XV","https://genius.com/albums/Uicideboy/Kill-your-elf-agas-xi-xv"
9056034,"YIN/////YANG/////////","https://genius.com/Uicideboy-yin-yang-lyrics","https://images.genius.com/f05772afd62ce0bef75e9ae7d73e1609.1000x1000x1.jpg",NA,NA,0,213444,"$UICIDEBOY$","https://genius.com/artists/Uicideboy",1017443,"YIN/////YANG/////////","https://genius.com/albums/Uicideboy/Yin-yang"
3040936,"You’re Now Tuning in to 66.6 FM with DJ Rapture (The Hottest Hour of the Evening)","https://genius.com/Uicideboy-youre-now-tuning-in-to-666-fm-with-dj-rapture-the-hottest-hour-of-the-evening-lyrics","https://images.genius.com/f47c67c24b81d3392635e142fe2541fd.1000x1000x1.png","2017-03-31",318030,17,213444,"$UICIDEBOY$","https://genius.com/artists/Uicideboy",603468,"KILL YOUR$ELF $agas: XI - XV","https://genius.com/albums/Uicideboy/Kill-your-elf-agas-xi-xv"
